repo_name,stars,forks,pushes,prs,issues,distinct_actors,active_days,total_events
codecrafters-io/build-your-own-x,110590,10193,12,101,266,115862,478,121162
deepseek-ai/deepseek-r1,87243,11299,19,84,1198,93947,451,99843
deepseek-ai/deepseek-v3,86032,14978,28,289,1282,95569,477,102609
n8n-io/n8n,83424,32654,32351,9209,10538,113341,479,168176
x1xhlol/system-prompts-and-models-of-ai-tools,80309,20000,276,151,172,92944,411,100908
unionlabs/union,79576,3413,5059,2296,514,72306,433,90858
digitalplatdev/freedomain,73767,971,25,31,6561,69933,463,81355
sindresorhus/awesome,71944,3706,35,229,249,73653,478,76163
openclaw/openclaw,71777,16283,13200,44249,21150,93309,91,166659
langflow-ai/langflow,66668,3051,17231,12588,2026,68031,480,101564
punkpeye/awesome-mcp-servers,61827,5497,1258,4639,296,65737,468,73517
browser-use/browser-use,60757,7471,3738,2976,2046,65357,476,76988
langgenius/dify,58430,9742,11855,10688,17101,66740,478,107816
open-webui/open-webui,55895,9638,3868,5315,5018,64527,477,79734
public-apis/public-apis,55739,5582,3,528,302,59500,479,62154
modelcontextprotocol/servers,55529,6610,889,2952,884,60570,477,66864
shubhamsaboo/awesome-llm-apps,55319,6939,257,415,172,59683,476,63102
google-gemini/gemini-cli,54949,6373,13170,7874,29224,62440,304,111590
ollama/ollama,48475,5065,3170,2288,5616,53988,477,64614
microsoft/markitdown,48221,3161,193,360,445,50239,477,52380
awesome-selfhosted/awesome-selfhosted,46286,1844,211,3,10,47182,477,48354
tapxworld/chinatextbook,44119,9044,5,45,140,49345,469,53353
openai/codex,43885,5272,22759,6507,11897,50015,373,90320
anthropics/claude-code,43870,4478,264,416,81623,60352,426,130651
mannaandpoem/openmanus,42706,7292,249,595,823,46542,266,51665
massgravel/microsoft-activation-scripts,41809,4079,152,28,556,44134,478,46624
inkonchain/node,40838,615,19,32,29,39853,277,41533
inkonchain/docs,40620,436,315,350,18,39927,306,41739
inkonchain/ink-kit,40402,405,60,61,6,39681,276,40934
vinta/awesome-python,40297,1775,101,294,0,41201,479,42467
obra/superpowers,39787,3043,122,211,477,42418,200,43640
trimstray/the-book-of-secret-knowledge,38947,1932,0,53,0,39900,479,40932
donnemartin/system-design-primer,38507,5129,8,65,75,41874,476,43784
affaan-m/everything-claude-code,37935,5223,1872,322,355,42417,103,45707
anthropics/skills,37683,3422,20,194,69,40611,195,41388
clash-verge-rev/clash-verge-rev,37350,2794,2084,796,4624,39940,478,47648
practical-tutorials/project-based-learning,37316,4974,0,60,30,40661,477,42380
infiniflow/ragflow,37244,4143,2431,6666,5503,40212,477,55987
yt-dlp/yt-dlp,36891,3275,564,1619,5147,40429,479,47496
microsoft/ai-agents-for-beginners,36574,11158,433,495,149,45080,432,48809
kamranahmedse/developer-roadmap,36048,3691,1667,1359,764,38607,472,43529
yeongpin/cursor-free-vip,35514,3947,377,184,1467,37910,338,41489
virattt/ai-hedge-fund,34859,6145,270,366,336,38547,475,41976
github/spec-kit,34375,2540,386,430,635,36466,240,38366
pathwaycom/pathway,33801,872,639,26,89,33155,474,35427
521xueweihan/hellogithub,33308,1120,38,11,277,33632,476,34754
hacksider/deep-live-cam,33271,4661,156,234,761,36516,476,39083
cline/cline,32711,3679,9549,5421,5263,36310,478,56623
astral-sh/uv,32678,1156,7358,5230,5340,35085,476,51762
rasbt/llms-from-scratch,32536,5229,399,361,127,36036,477,38652
unclecode/crawl4ai,32518,3696,536,394,1042,34957,475,38186
deepseek-ai/awesome-deepseek-integration,31325,3497,234,590,153,33330,470,35799
anomalyco/opencode,30778,3801,4954,5090,11241,36558,119,55864
pathwaycom/llm-app,30633,647,31,3,4,30069,465,31318
microsoft/generative-ai-for-beginners,30207,16652,356,561,133,43876,477,47909
cherryhq/cherry-studio,29806,2955,6647,4849,13266,33967,479,57523
ebookfoundation/free-programming-books,28306,2925,301,1031,169,30377,478,32732
linera-io/linera-protocol,28174,1702,4204,2178,706,27641,468,36964
upstash/context7,27515,1336,554,404,1552,28937,390,31361
zie619/n8n-workflows,26738,7365,40,72,90,32450,333,34305
jingyaogong/minimind,26699,2889,122,56,650,28072,476,30416
unslothai/unsloth,26541,2422,2920,882,2785,28896,476,35550
opencut-app/opencut,26531,2654,459,454,203,28321,306,30301
patrickjs/awesome-cursorrules,26463,2294,53,126,38,27734,473,28974
vllm-project/vllm,26433,5595,9557,24984,12739,34344,479,79308
comfyanonymous/comfyui,26267,3296,1555,1794,3769,30206,365,36681
torvalds/linux,25362,5306,836,523,0,29022,477,32027
daytonaio/daytona,25160,2019,3073,1389,481,25183,475,32122
ruanyf/weekly,24621,618,71,28,2278,25812,477,27616
immich-app/immich,24315,1524,13390,6132,4031,26711,477,49392
freecodecamp/freecodecamp,24247,4426,2990,7470,4248,27870,478,43381
ladybirdbrowser/ladybird,24046,1126,2558,5238,1066,24859,477,34034
huggingface/open-r1,23969,2324,708,442,451,25174,395,27894
harry0703/moneyprinterturbo,23701,3013,61,110,218,25490,476,27103
mlabonne/llm-course,23575,2610,14,7,21,25209,477,26227
anduin2017/howtocook,23366,1748,216,248,148,24170,475,25726
sst/opencode,23272,1725,4110,1832,5123,25403,229,36062
davidhdev/react-bits,23150,936,545,271,683,23703,476,25585
bytedance/deer-flow,23060,2824,602,760,689,24918,350,27935
mendableai/firecrawl,22813,2282,1817,992,378,24218,228,28282
avelino/awesome-go,22675,855,223,657,100,23214,477,24510
jwasham/coding-interview-university,22539,4373,0,27,48,25551,475,26987
langchain-ai/langchain,22515,3776,4494,9318,2549,26308,477,42652
opendatalab/mineru,22061,2028,955,1365,1913,23733,477,28322
9001/copyparty,21882,865,514,197,790,22576,448,24248
block/goose,21668,1812,12907,5648,2114,23263,455,44149
nousresearch/hermes-agent,21411,2776,2674,4656,1971,25022,65,33488
f/awesome-chatgpt-prompts,21240,2479,783,275,21,22848,386,24798
rustdesk/rustdesk,21233,8754,625,1464,1026,26667,477,33102
huggingface/agents-course,21017,1404,480,634,221,21603,435,23756
firecrawl/firecrawl,20982,885,1204,607,211,21659,250,23889
all-hands-ai/openhands,20703,2759,11819,5399,2514,22859,290,43194
excalidraw/excalidraw,20702,2984,1975,771,837,23347,476,27269
shadcn-ui/ui,20584,2296,1127,1874,1704,23265,477,27585
huggingface/smolagents,20578,1889,1491,1689,975,21840,474,26622
microsoft/typescript-go,20366,721,3017,1831,1068,20764,407,27003
mintplex-labs/anything-llm,20344,2243,1759,971,2212,22380,476,27529
ghostty-org/ghostty,20045,1014,2029,2822,1404,20793,477,27314
github/github-mcp-server,20044,2180,1361,907,924,21996,383,25416
tauricresearch/tradingagents,19935,3602,41,156,151,22736,377,23885
yuaotian/go-cursor-help,19846,2258,193,57,912,21077,465,23266
hiyouga/llama-factory,19716,2401,582,910,3146,22167,357,26755
sansan0/trendradar,19654,4693,1595,344,500,23408,357,26786
stirling-tools/stirling-pdf,19606,1846,5219,4991,948,21065,477,32610
ossu/computer-science,19499,2358,31,77,38,21066,477,22003
bytedance/ui-tars-desktop,19493,1823,4012,1527,607,20716,448,27462
clawdbot/clawdbot,19371,2382,1819,1016,807,21764,24,25395
microsoft/playwright-mcp,18868,1414,377,895,939,20111,399,22493
nextlevelbuilder/ui-ux-pro-max-skill,18766,1834,52,63,53,20273,150,20768
asgeirtj/system_prompts_leaks,18739,3116,225,45,12,20975,355,22137
juspay/hyperswitch,18468,2584,13605,3712,1948,19513,478,40317
glanceapp/glance,18373,801,143,216,403,18839,475,19936
patchy631/ai-engineering-hub,18320,2850,203,170,31,20286,477,21574
ripienaar/free-for-dev,18036,1708,175,594,0,19245,477,20513
2dust/v2rayn,17925,2015,159,240,1375,19683,476,21714
openbb-finance/openbb,17653,1793,1064,494,132,18896,476,21136
eyaltoledano/claude-task-master,17650,1785,1092,884,856,18819,396,22267
docling-project/docling,17599,1339,1079,578,1102,19053,405,21697
zed-industries/zed,17506,2600,24765,19692,22041,22709,478,86604
tw93/mole,17355,447,818,172,394,17756,209,19186
thedotmack/claude-mem,17282,1284,1359,429,973,18583,204,21327
composiohq/awesome-claude-skills,17274,1497,29,132,25,18577,194,18957
lobehub/lobe-chat,17257,5056,8965,4809,4539,21200,386,40626
microsoft/omniparser,17168,1503,36,65,183,18083,440,18955
mem0ai/mem0,17158,2082,1115,1498,810,18959,478,22663
78/xiaozhi-esp32,17026,3418,528,873,1013,19219,477,22858
msitarzewski/agency-agents,16934,2560,57,90,17,19191,147,19658
ggml-org/llama.cpp,16680,2989,3748,5902,4214,20370,431,33533
nanmicoder/mediacrawler,16666,2579,92,113,234,18253,475,19684
camel-ai/owl,16647,1971,435,296,639,17872,380,19988
dzhng/deep-research,16532,1754,46,83,119,17480,411,18534
exo-explore/exo,16479,1285,2498,471,557,17405,476,21290
maybe-finance/maybe,16181,1669,862,715,494,17342,452,19921
nari-labs/dia,16133,1331,68,131,227,16948,323,17890
voideditor/void,15853,1404,1308,458,530,16904,461,19553
max-eee/neopass,15790,51,45,8,78,15115,373,15972
thealgorithms/python,15761,3080,206,2053,140,18307,479,21240
ocrmypdf/ocrmypdf,15661,1061,62,63,160,16249,468,17007
kortix-ai/suna,15650,2623,2253,1587,1324,17375,364,23437
supabase/supabase,15623,3078,14559,7057,2515,19150,478,42832
openai/whisper,15598,2196,15,76,0,17331,477,17885
google/langextract,15591,1047,160,220,139,16435,272,17157
modelcontextprotocol/python-sdk,15498,2159,1216,1062,1224,17519,476,21159
zen-browser/desktop,15458,748,4534,1219,10022,18257,476,31981
jackfrued/python-100-days,15452,2594,73,72,70,16823,476,18261
crewaiinc/crewai,15452,2049,4033,2254,1146,17425,476,24934
christitustech/winutil,15449,790,311,463,644,16050,476,17657
fosowl/agenticseek,15425,1623,605,342,238,16500,418,18233
deepseek-ai/janus,15346,2086,5,32,169,16799,350,17638
mastra-ai/mastra,15318,1097,29295,9038,9434,16277,480,64182
huggingface/transformers,15272,3894,11120,6724,3293,19844,479,40303
jlowin/fastmcp,15194,1057,2061,2104,1613,16190,404,22029
musistudio/claude-code-router,15190,1164,114,121,735,16343,392,17324
zama-ai/fhevm,15116,673,3818,1521,122,15047,350,21250
666ghj/bettafish,15091,605,153,146,501,15595,194,16496
hesreallyhim/awesome-claude-code,15059,1035,584,331,1177,16048,347,18186
forrestchang/andrej-karpathy-skills,15011,1306,5,15,6,16170,92,16343
th-ch/youtube-music,14996,835,837,775,555,15706,261,17998
berriai/litellm,14987,2772,19470,9915,8727,19325,476,55871
iptv-org/iptv,14974,1583,1271,755,22660,17322,478,41243
paddlepaddle/paddleocr,14880,1065,697,834,1840,16056,478,19316
openai/openai-agents-python,14873,2318,2888,2012,1672,16849,408,23763
moeru-ai/airi,14854,1386,2648,904,470,15879,467,20262
genymobile/scrcpy,14846,1293,142,106,777,16146,477,17164
karpathy/autoresearch,14836,1979,12,83,22,16586,56,16932
simstudioai/sim,14803,1833,8053,3151,383,16139,423,28223
garrytan/gstack,14736,2017,524,206,68,16596,50,17551
deepseek-ai/deepseek-coder,14638,2006,1,24,300,16037,444,16969
getzep/graphiti,14622,1379,819,765,340,15627,475,17925
louislam/uptime-kuma,14613,1576,495,818,1391,16277,475,18893
dokploy/dokploy,14588,1000,1891,1538,1856,15629,475,20873
anthropics/prompt-eng-interactive-tutorial,14568,1419,0,25,11,15602,477,16023
krahets/hello-algo,14546,1571,232,219,73,15388,474,16641
linshenkx/prompt-optimizer,14527,1705,144,65,204,15588,420,16645
raphire/win11debloat,14494,524,343,87,195,14827,478,15643
google/a2a,14493,1401,454,572,293,15374,49,17213
agno-agi/agno,14433,1790,9555,3136,2178,16084,447,31092
byaidu/pdfmathtranslate,14356,1354,132,233,870,15286,313,16945
cloudcommunity/free-certifications,14274,646,6,9,21,14667,465,14956
datawhalechina/happy-llm,14265,1194,98,48,116,15050,330,15721
microsoft/vscode,14238,6546,23640,20564,84464,34332,480,149452
lllyasviel/framepack,14217,1224,19,58,537,15163,322,16055
better-auth/better-auth,14163,1344,5538,5045,4284,15849,476,30374
khoj-ai/khoj,14017,1021,503,154,132,14576,473,15827
toeverything/affine,13990,1150,16327,5993,1708,15141,476,39168
kvcache-ai/ktransformers,13919,993,727,678,1547,14575,450,17864
microsoft/vibevoice,13871,1313,97,78,126,14959,239,15485
microsoft/qlib,13849,1881,130,115,117,15126,477,16092
localsend/localsend,13840,766,239,126,482,14512,476,15453
hack-with-github/awesome-hacking,13827,699,4,19,0,14193,476,14549
bmad-code-org/bmad-method,13815,1399,629,502,736,15029,260,17081
ahujasid/blender-mcp,13798,1254,73,88,143,14582,409,15356
subframe7536/maple-font,13790,727,425,52,413,14204,473,15407
wshobson/agents,13774,1437,118,97,174,14808,274,15600
allenai/olmocr,13737,970,864,188,361,14369,407,16120
ultraworkers/claw-code,13704,1778,217,20,0,15283,29,15719
microsoft/autogen,13676,2486,2632,1719,1503,15839,475,22016
onlook-dev/onlook,13669,1043,3255,2229,760,14396,459,20956
automatic1111/stable-diffusion-webui,13659,2663,14,187,208,15832,476,16731
farion1231/cc-switch,13637,755,452,235,1141,14651,254,16220
moltbot/moltbot,13576,2132,51,559,594,15709,4,16912
rvc-boss/gpt-sovits,13572,1415,199,212,844,14662,475,16242
jaywcjlove/awesome-mac,13565,634,480,187,102,13965,477,14968
fosrl/pangolin,13513,380,3440,1119,1286,13670,472,19738
clockworklabs/spacetimedb,13505,552,5653,1479,874,13862,469,22063
karpathy/nanochat,13415,662,126,323,99,14052,198,14625
srbhr/resume-matcher,13390,1945,200,255,163,14865,470,15953
code-yeongyu/oh-my-opencode,13379,1037,1140,775,1278,14486,92,17609
aider-ai/aider,13316,1388,755,535,1891,15049,475,17885
shadps4-emu/shadps4,13309,783,2502,2086,801,14007,474,19481
chromedevtools/chrome-devtools-mcp,13226,653,1043,650,388,13833,215,15960
xming521/weclone,13222,1007,255,104,145,13679,391,14733
apple/container,13212,346,275,518,521,13537,316,14872
browser-use/web-ui,13161,2348,126,337,550,15015,436,16522
sesameailabs/csm,13109,1223,18,64,195,13730,342,14609
ultralytics/ultralytics,13058,2635,11318,3368,5352,16375,477,35731
siyuan-note/siyuan,13046,732,2913,594,4540,13714,476,21825
suitenumerique/docs,13007,381,3567,1092,782,13282,462,18829
ashishpatel26/500-ai-agents-projects,12999,2070,13,41,15,14599,460,15138
usememos/memos,12999,1035,802,614,1007,13956,476,16457
microsoft/powertoys,12992,929,4677,2082,13110,17604,477,33790
community-scripts/proxmoxve,12989,1582,9910,10451,3406,14946,477,38338
wan-video/wan2.1,12987,1396,53,99,534,13896,408,15069
yamadashy/repomix,12976,576,2094,1166,284,13278,477,17096
browserbase/stagehand,12962,814,3568,1318,321,13421,477,18983
chen08209/flclash,12871,815,1190,61,1021,13553,475,15958
mindverse/second-me,12863,949,499,344,196,13265,358,14851
juliangarnier/anime,12790,630,125,65,261,13138,467,13871
google/adk-python,12769,1792,2578,2034,3955,14749,378,23128
lightpanda-io/browser,12709,454,2086,1363,282,13016,472,16894
ahmedkhaleel2004/gitdiagram,12701,938,79,58,147,13198,425,13923
microsoft/bitnet,12689,1146,48,71,144,13550,458,14098
voltagent/awesome-design-md,12687,1235,8,5,52,13818,30,13987
composiohq/composio,12634,523,3293,1526,519,12658,473,18495
handsonllm/hands-on-large-language-models,12571,2709,35,39,68,14471,472,15422
fujiwarachoki/moneyprinterv2,12563,1184,19,44,38,13332,417,13848
raga-ai-hub/ragaai-catalyst,12552,3025,45,126,16,11681,330,15764
stanford-oval/storm,12446,1100,11,80,107,13056,441,13744
lynx-family/lynx,12380,447,8249,5285,560,12627,409,26921
sgl-project/sglang,12355,2431,16275,17483,6119,15519,479,54663
volcengine/verl,12312,1970,1818,3057,1842,13960,383,20999
conductor-oss/conductor,12294,243,2630,454,175,11813,461,15796
dockur/windows,12269,1182,199,94,347,13275,475,14091
jesseduffield/lazygit,12260,450,873,719,643,12752,477,14945
gar-b-age/cooklikehoc,12260,1132,19,35,90,13042,268,13536
fission-ai/openspec,12168,513,369,268,190,12641,224,13508
koala73/worldmonitor,12100,1968,2880,1258,252,13878,105,18458
fastapi/fastapi,12084,1475,1399,1803,60,13284,477,16821
resemble-ai/chatterbox,12079,1387,26,99,153,13213,328,13744
facebook/react,12008,3530,5167,3243,1888,15157,476,25836
astral-sh/ty,12003,153,504,456,2975,12376,349,16091
hkuds/lightrag,11960,1787,1358,1528,1548,13626,475,18181
alvin9999/new-pac,11945,804,29682,2,241,12206,344,42674
imputnet/cobalt,11923,1166,514,190,504,12782,474,14297
coze-dev/coze-studio,11912,1616,706,476,1231,13303,262,15941
langchain-ai/langgraph,11906,2130,4501,3568,1177,14123,477,23282
yangshun/tech-interview-handbook,11904,1087,17,37,25,12669,472,13070
bregman-arie/devops-exercises,11864,2766,20,67,16,13961,474,14733
ourongxing/newsnow,11843,3375,139,120,180,14076,473,15657
datawhalechina/self-llm,11804,1041,98,123,81,12424,471,13147
techarohq/anubis,11751,357,949,1024,623,12095,400,14704
jiayi-pan/tinyzero,11730,1470,23,26,102,12563,382,13351
openlistteam/openlist,11711,1086,677,608,1419,12654,314,15501
significant-gravitas/autogpt,11645,2970,10019,3895,995,14048,479,29524
anoma/anoma,11631,3135,660,306,153,11599,331,15885
666ghj/mirofish,11603,1640,51,104,129,13083,131,13527
datawhalechina/hello-agents,11592,1141,188,110,183,12570,224,13214
dair-ai/prompt-engineering-guide,11573,1437,61,112,24,12651,477,13207
metacubex/clashmetaforandroid,11557,689,625,78,0,11703,476,12949
keygraphhq/shannon,11526,1176,128,63,50,12534,178,12943
godotengine/godot,11433,3147,583,11941,10890,16389,478,37994
d4vinci/scrapling,11428,942,405,66,110,12170,447,12951
dataexpert-io/data-engineer-handbook,11386,2517,33,116,66,13194,469,14118
humanlayer/12-factor-agents,11339,782,133,90,17,11816,379,12361
paperclipai/paperclip,11317,1890,509,714,280,13408,58,14710
oraios/serena,11316,720,1065,449,587,11981,386,14137
ayangweb/bongocat,11311,497,491,312,889,11712,376,13500
readest/readest,11311,630,1139,1831,2068,11919,477,16979
gofr-dev/gofr,11309,1521,2577,2109,481,11077,455,17997
zju-llms/foundations-of-llms,11290,986,1,3,47,11816,443,12327
enescingoz/awesome-n8n-templates,11280,2862,25,23,45,13516,348,14235
fatedier/frp,11232,1165,146,191,646,12216,474,13380
flowiseai/flowise,11196,5505,1173,986,1056,16430,479,19916
github/awesome-copilot,11194,1146,769,761,144,12222,302,14014
tauri-apps/tauri,11190,544,2482,1570,1695,12113,477,17481
rustfs/rustfs,11160,436,1852,971,1898,11654,365,16317
deepseek-ai/flashmla,11128,826,37,59,85,11541,309,12135
henrygd/beszel,11084,348,1300,207,1394,11526,476,14333
twentyhq/twenty,11060,1995,19419,7682,3071,12957,477,43227
voltagent/awesome-openclaw-skills,11017,1110,78,110,36,12048,91,12351
nirdiamant/genai_agents,11001,1797,45,25,14,12245,474,12882
hkuds/nanobot,10985,1980,559,778,400,12995,89,14702
charmbracelet/crush,10980,609,1500,910,694,11611,268,14693
microsoft/data-formulator,10960,1017,434,187,93,11595,438,12691
instructkr/claw-code,10942,6308,91,0,70,16764,3,17411
dyad-sh/dyad,10941,1203,1281,1733,1698,12106,385,16856
qwenlm/qwen-code,10905,939,1712,732,2696,12105,276,16984
microsoft/wsl,10903,586,1501,749,10784,11970,476,24523
nautechsystems/nautilus_trader,10855,1120,3982,1317,713,11681,476,17987
mudler/localai,10807,928,2631,4325,827,11545,477,19518
coollabsio/coolify,10777,1255,1828,2394,2305,12517,476,18559
freqtrade/freqtrade,10724,2550,1687,1739,1089,12783,476,17789
nirdiamant/rag_techniques,10702,1244,90,41,21,11559,474,12098
microsoft/playwright,10628,1004,2026,3716,2916,12347,478,20290
predidit/kazumi,10616,306,448,265,1340,10950,476,12975
coleam00/archon,10604,1771,485,458,517,11892,417,13835
lbjlaq/antigravity-manager,10526,1150,140,173,936,11868,153,12925
picotrex/awesome-nano-banana-images,10506,940,18,10,18,11155,236,11492
mhsanaei/3x-ui,10431,2395,475,414,943,12490,476,14658
neovim/neovim,10410,852,2764,6138,2721,11497,477,22885
google-ai-edge/gallery,10316,887,522,198,330,11078,333,12253
maboloshi/github-chinese,10274,500,373,198,201,10403,476,11546
bloopai/vibe-kanban,10262,1032,2762,1262,500,11275,285,15818
gyulyvgc/sniffnet,10231,442,574,504,195,10517,468,11946
emcie-co/parlant,10192,767,1685,369,205,10674,463,13218
index-tts/index-tts,10192,1048,102,116,398,11025,424,11856
basecamp/omarchy,10188,1042,1844,1509,2063,11625,303,16646
jj-vcs/jj,10166,363,4530,2907,1131,10746,476,19097
badlogic/pi-mono,10135,1105,1364,842,1265,11403,197,14711
copilotkit/copilotkit,10085,1143,5588,1888,724,11089,476,19428
google-gemini/gemini-fullstack-langgraph-quickstart,10070,1755,8,128,58,11325,300,12019
krtirtho/spotube,10053,482,264,80,755,10586,473,11634
dani-garcia/vaultwarden,10036,505,160,315,434,10622,476,11450
danny-avila/librechat,9999,2977,3638,2418,2307,13057,476,21339
elder-plinius/cl4r1t4s,9963,1965,140,36,24,11370,394,12128
sillytavern/sillytavern,9955,1762,852,1554,1182,11635,476,15305
zama-ai/bounty-program,9939,269,18,34,51,9942,165,10311
typst/typst,9935,350,953,1031,1669,10594,477,13938
sxyazi/yazi,9927,231,660,668,1190,10333,476,12676
glips/figma-context-mcp,9910,743,168,183,224,10463,430,11228
maotoumao/musicfree,9906,606,88,18,181,10241,471,10799
asyncfuncai/deepwiki-open,9893,1010,123,241,212,10593,357,11479
papers-we-love/papers-we-love,9891,379,5,9,16,10094,475,10300
conardli/easy-dataset,9889,971,289,227,657,10377,403,12033
sherlock-project/sherlock,9880,1216,219,221,201,10888,475,11737
hiroi-sora/umi-ocr,9874,892,46,27,193,10500,474,11032
openai/gpt-oss,9855,1016,75,181,2,10662,239,11129
gorhill/ublock,9843,538,602,21,1,10169,475,11005
2dust/v2rayng,9843,947,114,141,560,10692,475,11605
roovetgit/roo-code,9841,1226,3947,3271,1487,11026,120,19772
drewthomasson/ebook2audiobook,9819,688,1292,1321,552,10303,470,13672
lordog/dive-into-llms,9771,1159,8,6,13,10632,473,10957
bytebytegohq/system-design-101,9744,1212,2,8,7,10582,473,10973
geekan/metagpt,9738,1191,27,75,213,10461,120,11244
davila7/claude-code-templates,9733,806,678,188,120,10368,295,11525
syncthing/syncthing,9723,502,507,529,465,10190,476,11726
tabbyml/tabby,9700,579,1276,921,263,10114,450,12739
pytorch/pytorch,9683,3058,118740,53592,18321,14563,480,203394
algerkong/algermusicplayer,9679,797,262,132,525,10147,467,11395
drawdb-io/drawdb,9671,824,235,403,192,10315,469,11325
flowseal/zapret-discord-youtube,9644,874,128,227,8876,13996,476,19749
nirdiamant/agents-towards-production,9627,1227,72,42,5,10490,306,10973
makeplane/plane,9615,1261,3420,2243,699,10818,474,17238
jujumilk3/leaked-system-prompts,9610,1321,68,62,29,10470,443,11090
mermaid-js/mermaid,9610,1523,2517,751,803,11162,476,15204
gedoor/legado,9592,747,563,469,1130,10116,476,12501
microsoft/edit,9592,443,245,356,440,9973,312,11076
e2b-dev/awesome-ai-agents,9586,895,3,171,34,10290,476,10689
hsliuping/tradingagents-cn,9580,1839,266,55,444,11017,302,12184
zai-org/open-autoglm,9578,1485,27,57,132,10777,141,11279
dayuanjiang/next-ai-draw-io,9561,1005,427,346,256,10435,213,11595
chengazhen/cursor-auto-free,9549,1438,151,96,561,10271,407,11795
corentinth/it-tools,9540,1202,222,122,157,10490,473,11243
asabeneh/30-days-of-python,9534,1626,51,102,53,10844,477,11366
sparkaudio/spark-tts,9519,1025,20,35,219,10209,326,10818
shareai-lab/learn-claude-code,9502,1123,45,41,19,10469,122,10730
termux/termux-app,9485,1414,25,177,442,10739,476,11543
stackblitz-labs/bolt.diy,9479,8245,189,1089,834,15631,467,19836
huggingface/lerobot,9464,1844,3271,1774,1415,11151,476,17768
comet-ml/opik,9454,689,11378,6005,687,10053,476,28213
emmabostian/developer-portfolios,9453,1774,888,1711,126,11058,475,13952
junkfood02/seal,9437,374,11,9,571,9784,473,10402
docmost/docmost,9436,655,1083,477,644,10061,476,12295
shanraisshan/claude-code-best-practice,9432,784,124,7,10,10112,113,10357
langfuse/langfuse,9381,964,8679,5292,2458,10727,477,26774
elizaos/eliza,9377,3829,8069,5890,2085,12238,474,29250
pocketbase/pocketbase,9359,745,379,99,538,10083,477,11120
nektos/act,9337,346,129,231,636,9662,471,10679
rssnext/folo,9323,589,2537,820,1163,9978,393,14432
kavishdevar/librepods,9322,238,148,85,150,9563,330,9943
mungell/awesome-for-beginners,9293,608,79,382,37,9802,475,10399
karpathy/nanogpt,9260,1688,1,49,23,10587,476,11021
guovin/iptv-api,9249,4495,946,316,287,11285,473,15293
hoppscotch/hoppscotch,9202,709,1081,612,919,10000,474,12523
astrbotdevs/astrbot,9173,660,1634,1711,5753,9961,389,18931
danielmiessler/fabric,9150,874,533,543,453,9874,474,11553
paperless-ngx/paperless-ngx,9142,728,4023,2186,1151,10064,476,17230
tw93/pake,9089,2661,264,47,211,11157,475,12272
gsd-build/get-shit-done,9053,675,544,660,1138,9820,81,12070
tencent/hunyuan3d-2,9053,746,115,71,243,9563,121,10228
pkuflyingpig/cs-self-learning,9041,747,90,95,29,9416,476,10002
ashishps1/awesome-system-design-resources,9012,1699,21,8,12,10359,474,10752
kilo-org/kilocode,9010,1007,7153,2722,2355,10291,406,22247
swisskyrepo/payloadsallthethings,9001,1390,115,66,0,9990,474,10572
microsoft/web-dev-for-beginners,8991,2017,348,253,183,10615,470,11792
nanobrowser/nanobrowser,8980,817,107,155,162,9192,423,10221
vercel/next.js,8972,3203,23158,11559,3799,12986,478,50691
fastapi/full-stack-fastapi-template,8968,2526,485,810,80,10861,475,12869
nationalsecurityagency/ghidra,8966,897,281,300,1292,9872,476,11736
heyputer/puter,8957,999,2059,910,607,9749,475,13532
lizardbyte/sunshine,8922,430,2120,1507,461,9429,477,13440
rust-lang/rust,8911,1350,18087,28714,12137,11335,479,69199
githubdaily/githubdaily,8895,648,6,6,174,9369,473,9729
microsoft/ml-for-beginners,8848,3280,279,162,34,11574,475,12603
aishwaryanr/awesome-generative-ai-guide,8839,1585,107,34,16,10081,474,10581
bin-huang/chatbox,8832,780,17,63,377,9452,78,10069
facebookresearch/vggt,8827,921,196,51,392,9298,385,10387
graphiteeditor/graphite,8766,358,2679,1214,721,9028,477,13738
mozilla-firefox/firefox,8758,568,19233,83,0,9123,378,28642
deepseek-ai/deepseek-ocr,8753,88,3,24,115,8907,175,8983
gitroomhq/postiz-app,8750,1620,866,435,551,10087,476,12222
continuedev/continue,8734,1764,5190,5237,6249,11638,477,27174
usestrix/strix,8731,428,194,171,115,9066,255,9639
lfnovo/open-notebook,8723,766,194,217,571,9413,474,10471
deepseek-ai/3fs,8721,905,100,224,285,9250,335,10235
usebruno/bruno,8721,567,903,1885,2072,9808,476,14148
sickn33/antigravity-awesome-skills,8696,1364,557,203,81,9961,107,10901
open-ani/animeko,8694,193,1311,326,1493,8922,474,12017
gkd-kit/gkd,8681,392,221,16,259,8872,475,9569
mountain-loop/yaak,8640,227,1020,251,19,8755,470,10157
stan-smith/fossflow,8632,556,161,155,159,9074,291,9663
ashishps1/awesome-low-level-design,8565,1852,101,109,44,10008,473,10671
astral-sh/ruff,8549,476,11014,8300,2793,9557,477,31132
datawhalechina/llm-cookbook,8515,935,9,4,14,9023,459,9477
3b1b/manim,8478,658,26,76,58,8935,476,9296
elder-plinius/l1b3rt4s,8453,945,79,16,23,9051,473,9516
d2l-ai/d2l-zh,8446,860,0,36,0,8919,476,9342
vectifyai/pageindex,8443,615,173,60,37,8925,361,9328
jellyfin/jellyfin,8430,852,856,1384,2381,9885,476,13903
itzcrazykns/perplexica,8421,1207,170,203,316,9357,425,10317
datatalksclub/data-engineering-zoomcamp,8402,1674,201,339,21,9443,476,10637
getasterisk/claudia,8391,642,66,78,139,8907,67,9316
opencode-ai/opencode,8385,755,100,166,169,8912,351,9575
chatgptnextweb/nextchat,8362,4535,83,384,356,12108,461,13720
motiadev/motia,8355,531,1219,698,257,8682,362,11060
vercel-labs/agent-skills,8335,780,78,50,28,9016,112,9271
expo/expo,8333,3170,15953,9041,5361,12854,478,41858
hyprwm/hyprland,8311,489,987,1868,2739,9112,476,14394
mendableai/open-lovable,8310,1358,6,31,35,9329,10,9740
canner/wrenai,8265,845,1382,1034,377,8944,464,11903
ohmyzsh/ohmyzsh,8264,819,195,696,259,9053,476,10233
liguodongiot/llm-action,8252,1010,19,0,10,8735,464,9291
yalter/niri,8245,325,953,560,864,8718,395,10947
remotion-dev/remotion,8233,642,3775,1592,667,8861,475,14909
caddyserver/caddy,8224,500,406,395,573,8748,476,10098
oven-sh/bun,8208,888,19485,6678,9589,11538,478,44848
keploy/keploy,8192,1157,2973,633,677,8367,474,13632
zhulinsen/daily_stock_analysis,8183,8377,483,475,384,15564,111,17902
vercel-labs/agent-browser,8182,504,395,327,162,8726,110,9570
oumi-ai/oumi,8181,642,2647,1106,175,8503,419,12751
roboflow/supervision,8169,852,773,870,65,8786,469,10729
tadata-org/fastapi_mcp,8165,641,79,137,167,8604,367,9189
harvard-edge/cs249r_book,8162,706,3217,669,692,8724,468,13446
sipeed/picoclaw,8152,1172,404,1107,571,9378,81,11406
nocodb/nocodb,8138,897,14458,2577,1383,9037,476,27453
web-infra-dev/midscene,8122,599,3630,1662,627,8609,466,14640
modelcontextprotocol/typescript-sdk,8109,1121,1201,799,886,9277,475,12116
microsoft/mcp-for-beginners,8096,2243,748,698,58,9999,333,11843
camel-ai/camel,8081,803,5492,2225,1276,8665,470,17877
juliusbrussee/caveman,8072,349,18,44,31,8427,27,8514
ffmpeg/asm-lessons,8045,203,23,27,13,8118,347,8311
xpipe-io/xpipe,8039,350,1619,104,374,8295,467,10486
assafelovic/gpt-researcher,8034,1086,306,415,320,8888,473,10161
hagezi/dns-blocklists,8020,225,1070,164,8331,8880,477,17810
librespark/libretv,7979,18822,211,765,363,22804,366,28140
ruvnet/wifi-densepose,7974,835,90,15,42,8667,139,8956
jdx/mise,7942,391,6139,2896,189,8357,475,17557
deepseek-ai/deepep,7930,848,251,198,378,8492,357,9605
junegunn/fzf,7929,268,426,212,437,8197,477,9272
louis-e/arnis,7902,617,547,518,506,8549,440,10090
anthropics/anthropic-cookbook,7894,837,43,66,14,8527,258,8854
ventoy/ventoy,7850,476,48,62,406,8315,476,8842
plait-board/drawnix,7840,599,248,156,160,8229,437,9003
appflowy-io/appflowy,7833,847,731,1016,1243,8694,476,11670
sdmg15/best-websites-a-programmer-should-visit,7822,472,5,99,16,8143,452,8414
home-assistant/core,7817,5082,16239,36704,20229,19218,479,86071
c4illin/convertx,7807,438,277,321,159,8169,468,9002
stanfordnlp/dspy,7772,711,941,1290,5100,8657,476,15814
searxng/searxng,7760,839,1493,1479,928,8644,476,12499
gohugoio/hugo,7755,667,658,1086,1537,8342,477,11703
aidenybai/react-scan,7754,167,452,206,213,7865,441,8792
rybbit-io/rybbit,7746,330,1824,551,198,7974,352,10649
pydantic/pydantic-ai,7738,948,4204,3090,2485,9011,476,18465
funaudiollm/cosyvoice,7726,928,120,153,1073,8720,472,10000
quantumnous/new-api,7705,1588,757,894,1402,9387,378,12346
upscayl/upscayl,7700,426,38,68,433,8100,472,8665
router-for-me/cliproxyapi,7690,1118,1200,498,822,8911,218,11328
hesamsheikh/awesome-openclaw-usecases,7679,663,25,35,0,8238,81,8402
siddharthvaddem/openscreen,7644,432,115,98,183,8080,160,8472
nvm-sh/nvm,7643,1509,93,131,226,9059,477,9602
czlonkowski/n8n-mcp,7622,1210,613,184,241,8639,315,9870
hw-whistleblower/true-story-of-pangu,7617,938,4,7,424,8319,155,8990
zhayujie/chatgpt-on-wechat,7616,1139,149,64,255,8417,457,9223
googleapis/genai-toolbox,7614,643,7858,2945,790,8194,418,19850
flutter/flutter,7591,2514,9345,19521,21657,12915,477,60628
cmliu/edgetunnel,7578,10674,276,472,29,14874,476,19029
juanfont/headscale,7577,425,372,535,563,8015,476,9472
openbmb/minicpm-o,7576,584,110,39,438,8022,297,8747
vanna-ai/vanna,7573,846,52,97,154,8184,463,8722
openai/openai-cookbook,7569,1695,599,646,409,9110,477,10918
sinaptik-ai/pandas-ai,7567,744,335,275,249,8112,435,9170
songquanpeng/one-api,7567,1256,113,106,281,8563,474,9323
nvidia/cosmos,7556,499,46,30,238,7833,242,8369
mathfoundationrl/book-mathematical-foundation-of-reinforcement-learning,7556,553,40,1,0,7809,470,8150
vercel/ai,7546,1476,9982,8587,4494,9651,476,32085
weifeng2333/videocaptioner,7530,574,74,45,983,8111,470,9206
github/gitignore,7526,1222,131,407,0,8524,474,9286
activepieces/activepieces,7522,1388,73930,4876,1520,8799,478,89236
dioxuslabs/dioxus,7521,426,1190,884,1179,8070,473,11200
umami-software/umami,7518,1678,805,300,571,9095,475,10872
tailwindlabs/tailwindcss,7517,672,1809,1194,1586,8720,475,12778
trycua/cua,7510,471,1434,639,195,7762,402,10249
duckdb/duckdb,7502,675,2039,4183,2016,8632,476,16415
payloadcms/payload,7495,1185,6045,3834,3061,8930,477,21620
minio/minio,7492,851,176,308,571,8453,470,9398
yetone/avante.nvim,7482,426,1093,1629,1240,7972,470,11870
accumulatemore/cv,7467,765,65,1,11,7887,475,8309
shiyu-coder/kronos,7450,1147,19,23,133,8376,264,8772
hkuds/rag-anything,7448,730,104,59,86,8077,310,8427
guijiai/heygem.ai,7419,1212,84,17,473,8274,70,9205
chatanywhere/gpt_api_free,7405,440,13,5,149,7661,471,8012
mtdvio/every-programmer-should-know,7400,458,10,9,10,7738,471,7887
chiphuyen/aie-book,7375,976,10,6,7,8071,470,8374
deepseek-ai/open-infra-index,7366,257,23,20,0,7452,199,7666
anthropics/courses,7361,843,0,37,21,7975,467,8262
chartdb/chartdb,7348,440,807,556,116,7647,463,9267
jordanbaird/ice,7342,182,30,19,308,7607,475,7881
santifer/career-ops,7339,1163,68,143,41,8428,26,8754
mindsdb/mindsdb,7329,884,3558,1696,406,8150,473,13873
marimo-team/marimo,7328,433,6015,4169,2105,8036,475,20050
tianxingchen/embodied-ai-guide,7327,461,168,89,19,7486,472,8064
zeroclaw-labs/zeroclaw,7315,1017,1884,11477,1336,8508,73,23029
krillinai/krillinai,7313,567,310,209,142,7637,327,8541
bytedance/ui-tars,7310,500,74,32,305,7701,429,8221
vnpy/vnpy,7285,1407,81,54,116,8277,475,8943
fighting41love/funnlp,7277,539,0,4,10,7493,475,7830
kestra-io/kestra,7265,726,8242,6820,4528,8004,479,27581
burntsushi/ripgrep,7260,284,44,167,155,7508,476,7910
liquidslr/leetcode-company-wise-problems,7247,1342,8,7,28,8274,399,8632
wan-video/wan2.2,7231,674,13,50,142,7885,268,8110
jackjackbits/bitchat,7227,636,28,48,57,7697,5,7996
ffmpeg/ffmpeg,7208,916,1408,3,0,7894,475,9535
milvus-io/milvus,7207,527,3220,82656,6099,7957,478,99709
ocornut/imgui,7193,1243,840,292,963,8428,478,10531
microsoft/graphrag,7175,870,1028,458,490,7931,475,10021
1panel-dev/1panel,7175,631,1804,3122,3486,8103,476,16218
zackriya-solutions/meeting-minutes,7170,568,270,115,158,7550,392,8281
vercel/ai-chatbot,7165,3283,424,573,328,9859,406,11773
chroma-core/chroma,7165,519,8792,3506,737,7703,476,20719
rockchinq/langbot,7155,563,639,353,627,7450,198,9337
charmbracelet/bubbletea,7154,193,454,241,109,7316,475,8151
qwenlm/qwen3,7151,481,37,58,350,7615,344,8077
run-llama/llama_index,7133,1172,1989,3081,2228,8768,477,15603
coleam00/context-engineering-intro,7128,1401,11,21,8,8217,284,8569
exelban/stats,7106,215,185,98,806,7541,475,8410
topjohnwu/magisk,7096,2485,367,615,710,9493,476,11273
metacubex/mihomo,7075,820,627,157,674,7789,475,9353
jesseduffield/lazydocker,7068,229,13,45,68,7211,473,7423
qwenlm/qwen2.5-vl,7067,712,55,65,729,7916,238,8628
appwrite/appwrite,7057,757,5446,1851,987,7748,476,16098
golang/go,7056,1089,2311,896,10715,9130,476,22067
lucide-icons/lucide,7052,481,712,1304,544,7697,474,10093
kepano/obsidian-skills,7043,424,7,23,12,7406,115,7509
eythaann/seelen-ui,7042,248,2106,668,848,7437,473,10912
capsoftware/cap,7036,533,3384,879,486,7527,477,12318
sagernet/sing-box,7029,972,1527,249,1414,7986,476,11191
physical-intelligence/openpi,7026,932,112,145,469,7742,441,8684
tibixdev/winboat,7016,153,125,98,458,7296,246,7850
hkuds/deepcode,7009,841,82,25,63,7673,266,8020
kubernetes/kubernetes,7007,2492,2672,21156,5272,10122,477,38599
abhigyanpatwari/gitnexus,7000,733,522,216,227,7732,150,8698
cheahjs/free-llm-api-resources,6996,635,64,151,31,7480,473,7877
penpot/penpot,6980,552,7598,2793,638,7604,475,18561
qwenlm/qwen-agent,6973,640,44,63,295,7541,467,8015
permissionlesstech/bitchat,6973,718,448,429,187,7638,276,8755
sapientinc/hrm,6959,979,3,24,55,7698,215,8020
getmaxun/maxun,6949,580,1515,595,212,7299,437,9851
putyy/res-downloader,6947,721,88,58,174,7422,474,7988
codexu/note-gen,6946,485,941,132,835,7377,467,9339
awesomedata/awesome-public-datasets,6943,732,20,17,8,7488,473,7720
chenglou/pretext,6936,378,81,21,14,7273,45,7430
nvim-lua/kickstart.nvim,6935,16619,47,600,186,21761,476,24387
slidevjs/slidev,6931,349,222,226,305,7268,472,8033
senshinya/moontv,6927,15081,225,166,335,19580,204,22734
microsoft/ai-for-beginners,6920,2055,222,237,62,8599,474,9496
llmware-ai/llmware,6918,1416,77,133,9,7006,382,8553
modsetter/surfsense,6917,544,1034,633,318,7290,450,9446
tensorflow/tensorflow,6916,1764,57429,37823,2689,8856,479,106621
jiangrui1994/cloudsaver,6888,549,110,3,131,6992,388,7681
shareai-lab/analysis_claude_code,6877,1739,3,1,0,8103,176,8620
filamentphp/filament,6877,926,2032,2159,1506,7895,477,13500
winapps-org/winapps,6876,191,105,162,212,7101,458,7546
vert-sh/vert,6874,286,262,74,121,7086,405,7617
ag-ui-protocol/ag-ui,6873,570,1292,580,299,7381,347,9614
vitejs/vite,6870,1138,1592,1844,1329,8361,477,12773
mihomo-party-org/mihomo-party,6844,541,56,24,671,7312,240,8136
antiwork/gumroad,6834,1233,3074,2536,1058,7802,385,14735
n8n-io/self-hosted-ai-starter-kit,6833,1957,11,101,0,8390,461,8902
the-pocket/pocketflow,6814,799,334,66,75,7341,424,8088
binwiederhier/ntfy,6809,306,246,152,355,7146,471,7868
satnaing/shadcn-admin,6801,1101,88,162,62,7538,464,8214
sjzar/chatlog,6788,938,58,63,274,7365,311,8121
odoo/odoo,6786,5131,55106,50756,705,12551,479,118484
ashishpatel26/500-ai-machine-learning-deep-learning-computer-vision-nlp-projects-with-code,6781,977,0,10,15,7490,474,7783
fffaraz/awesome-cpp,6780,350,77,179,82,7004,476,7468
anthropics/claude-cookbooks,6769,490,110,107,79,7246,219,7555
obsproject/obs-studio,6761,833,388,878,813,7861,476,9673
withastro/astro,6757,578,7839,2398,1942,7684,475,19514
danielmiessler/seclists,6744,1006,1511,134,79,7499,476,9474
virattt/dexter,6737,630,129,58,31,7303,196,7585
tesseract-ocr/tesseract,6737,669,49,61,106,7326,473,7622
yorukot/superfile,6735,220,1259,607,524,6877,466,9345
amruthpillai/reactive-resume,6732,926,1248,264,1105,7641,475,10275
cloudwego/eino,6728,493,1569,520,367,7056,467,9677
cjpais/handy,6725,404,360,270,377,7221,301,8136
topoteretes/cognee,6704,617,4316,1605,465,7274,477,13707
contains-studio/agents,6685,1339,0,6,6,7671,212,8036
rikkaapps/shizuku,6658,678,13,100,600,7391,475,8049
jd-opensource/joyagent-jdgenie,6658,757,65,68,278,7224,256,7826
rvc-project/retrieval-based-voice-conversion-webui,6654,808,0,27,261,7374,474,7750
rendercv/rendercv,6642,532,259,245,177,7132,441,7855
iofficeai/aionui,6638,535,1707,852,702,7208,243,10434
superclaude-org/superclaude_framework,6638,575,138,99,173,7109,280,7623
nodejs/node,6624,4405,2855,7423,2258,11307,477,23565
nikitabobko/aerospace,6620,203,252,142,256,6758,474,7473
netbirdio/netbird,6614,377,4055,1330,1276,7374,475,13652
ruvnet/claude-flow,6611,741,2141,246,488,7257,228,10227
game1024/openspeedy,6604,399,232,118,115,6899,274,7468
langchain-ai/open_deep_research,6597,933,172,156,156,7326,422,8014
svcvit/awesome-dify-workflow,6595,622,68,6,30,6911,442,7321
4ian/gdevelop,6589,275,2346,885,180,6067,477,10275
eugeny/tabby,6580,364,212,81,740,7242,475,7977
milla-jovovich/mempalace,6579,559,22,99,52,7143,6,7311
ajeetdsouza/zoxide,6569,145,62,89,158,6724,475,7023
posthog/posthog,6561,683,78748,20599,3172,7624,477,109763
menloresearch/jan,6556,513,2334,1264,1094,7059,217,11761
2025emma/vibe-coding-cn,6551,654,0,1,1,7053,134,7207
aykutsarac/jsoncrack.com,6511,633,95,44,57,6962,456,7340
dopplerhq/awesome-interview-questions,6510,379,0,1,0,6762,474,6890
jamez-bondos/awesome-gpt4o-images,6508,605,123,107,21,6753,275,7364
m1k1o/neko,6505,408,133,56,141,6827,468,7243
ashishps1/awesome-leetcode-resources,6503,1085,11,10,7,7369,456,7616
tldr-pages/tldr,6497,619,4807,7623,445,7176,477,19991
alistgo/alist,6493,2002,164,355,1280,8486,467,10294
rtk-ai/rtk,6486,369,321,345,352,6942,86,7873
helix-editor/helix,6485,638,1031,1528,1146,7455,476,10828
frappe/erpnext,6481,2312,5570,8400,3364,9052,476,26127
bytedance/trae-agent,6470,667,106,223,124,6940,295,7590
labring/fastgpt,6464,1669,2118,2681,2025,8103,473,14957
manimcommunity/manim,6463,517,210,392,271,6903,461,7853
kalyanks-nlp/llm-engineer-toolkit,6440,971,17,15,4,7086,348,7447
anuraghazra/github-readme-stats,6427,5855,498,710,197,11779,474,13687
florinpop17/app-ideas,6424,523,0,77,12,6858,475,7036
dgtlmoon/changedetection.io,6421,376,1030,501,508,6794,474,8836
coqui-ai/tts,6410,1034,0,35,195,7267,468,7674
zyphra/zonos,6402,666,36,67,213,6915,285,7384
zaidmukaddam/scira,6402,909,348,96,151,6992,409,7906
steveyegge/beads,6395,350,3578,812,866,6984,168,12001
ds4sd/docling,6394,469,441,235,406,6798,72,7945
zilliztech/deep-searcher,6386,638,148,298,116,6733,353,7586
xinnan-tech/xiaozhi-esp32-server,6385,2213,2203,1854,1862,7924,440,14517
mattpocock/skills,6378,504,18,8,7,6844,76,6915
easychen/one-person-businesses-methodology-v2.0,6370,680,2,4,6,6522,415,7062
microsoft/rd-agent,6368,685,2872,997,105,6864,473,11027
hkuds/deeptutor,6366,814,325,97,134,7086,123,7736
nicbarker/clay,6348,323,360,300,282,6594,454,7613
traefik/traefik,6346,509,175,1609,838,7035,477,9477
zbezj/heu_kms_activator,6345,508,3,0,33,6609,473,6889
hiddify/hiddify-app,6338,600,41,38,685,6900,477,7702
commaai/openpilot,6335,1185,14776,3701,633,7316,478,26630
remoteintech/remote-jobs,6328,479,96,246,48,6701,437,7197
labmlai/annotated_deep_learning_paper_implementations,6328,595,11,5,13,6631,468,6952
gin-gonic/gin,6327,480,144,397,156,6751,471,7504
safishamsi/graphify,6318,542,99,52,82,6873,28,7093
aapanel/billionmail,6313,591,427,16,181,6820,196,7528
blakeblackshear/frigate,6308,723,2237,2318,767,7145,476,12353
simular-ai/agent-s,6294,625,194,63,109,6729,459,7285
ryoppippi/ccusage,6287,208,1557,686,195,6514,327,8933
othmanadi/planning-with-files,6283,543,84,21,46,6727,118,6977
binhnguyennus/awesome-scalability,6279,517,12,12,0,6687,475,6820
nvbn/thefuck,6274,296,0,17,27,6458,467,6614
mark3labs/mcp-go,6265,575,458,512,329,6679,446,8139
the-pocket/tutorial-codebase-knowledge,6264,478,57,33,31,6523,26,6863
vikparuchuri/marker,6249,521,400,161,265,6681,157,7596
bagisto/bagisto,6235,538,629,591,488,6745,471,8481
crestalnetwork/intentkit,6235,627,951,1089,213,6324,384,9115
alibaba-nlp/deepresearch,6226,399,44,19,93,6543,209,6781
genesis-embodied-ai/genesis,6221,901,777,1249,1126,7063,466,10274
slopus/happy,6203,461,381,135,290,6744,277,7470
bggrgjqaubcoe/piliplus,6186,372,1306,203,1961,6579,470,10028
tencent/weknora,6184,668,225,292,460,6820,258,7829
simplescaling/s1,6175,735,49,27,142,6632,243,7128
snapchat/valdi,6171,27,157,14,35,6189,155,6404
codephiliax/chat2db,6161,616,12,23,146,6597,448,6958
fishaudio/fish-speech,6157,648,88,136,329,6688,473,7358
geeeekexplorer/nano-vllm,6152,773,33,69,75,6698,313,7102
1panel-dev/maxkb,6151,800,3068,2380,1644,6911,469,14043
lastmile-ai/mcp-agent,6142,630,816,480,208,6544,402,8276
confident-ai/deepeval,6139,588,1587,1064,332,6727,473,9710
hkuds/autoagent,6130,780,26,11,53,6679,386,7000
krayin/laravel-crm,6129,407,285,444,372,6505,467,7637
fuma-nama/fumadocs,6128,352,2358,758,710,6479,474,10306
microsoft/agent-lightning,6118,327,1030,287,180,6394,266,7942
dockur/macos,6114,379,69,41,67,6398,459,6670
hkuds/cli-anything,6086,528,72,48,22,6577,54,6756
pmndrs/zustand,6081,342,165,354,13,6327,467,6955
starship/starship,6076,363,1710,534,341,6555,475,9024
the-cool-coders/project-ideas-and-resources,6075,528,0,16,11,6436,467,6630
birobirobiro/awesome-shadcn-ui,6070,364,290,272,31,6310,464,7027
mrdoob/three.js,6062,1119,1893,2458,1102,7190,476,12634
electronicarts/cnc_red_alert,6061,1177,0,0,0,6885,242,7238
tensorzero/tensorzero,6060,485,11233,5254,2268,6393,475,25300
qwenlm/qwen3-coder,6052,378,8,16,82,6361,265,6536
jnsahaj/tweakcn,6049,371,702,219,100,6283,384,7441
louislam/dockge,6037,228,27,44,66,6223,469,6402
prakhar1989/awesome-courses,6036,181,0,0,2,6122,475,6219
bitcoin/bitcoin,6034,2777,953,2920,937,8486,475,13621
openai/openai-realtime-agents,6033,936,64,100,58,6676,362,7191
hummingbot/hummingbot,6019,1139,894,483,426,6896,474,8961
yeachan-heo/oh-my-claudecode,6017,514,980,1044,753,6582,101,9308
rust-unofficial/awesome-rust,6017,331,236,364,20,6269,475,6968
googlecloudplatform/kubectl-ai,6015,528,251,601,166,6351,346,7561
cyclotruc/gitingest,6014,462,246,288,178,6306,188,7188
deskflow/deskflow,5994,312,2772,888,949,6403,475,10915
kuchin/awesome-cto,5992,424,6,17,6,6214,444,6445
trekhleb/javascript-algorithms,5984,984,9,46,26,6706,473,7049
mifi/lossless-cut,5977,270,113,74,316,6305,476,6750
magicuidesign/magicui,5961,327,468,330,251,6215,467,7337
ibttf/interview-coder,5950,1029,54,28,129,6504,259,7190
fish2018/pansou,5950,1230,120,9,84,6804,281,7393
olow304/memvid,5949,494,6,17,60,6248,175,6526
automaapp/automa,5945,661,43,29,179,6420,428,6857
pranshuparmar/witr,5942,140,136,94,55,6067,108,6367
koreader/koreader,5921,264,449,888,1569,6576,474,9091
onyx-dot-app/onyx,5910,864,15256,5412,806,6832,477,28248
sjj1024/pakeplus,5909,3348,895,52,13161,7885,438,23365
xtls/xray-core,5904,778,906,806,733,6630,476,9127
microsoft/magentic-ui,5901,577,330,213,227,6338,273,7248
ytdl-org/youtube-dl,5901,628,15,50,333,6457,468,6927
actualbudget/actual,5896,652,3532,4889,2230,6983,477,17199
hangwin/mcp-chrome,5894,512,64,42,171,6329,308,6683
ziglang/zig,5888,508,1524,2285,3029,6698,455,13234
shardeum/shardeum,5887,154,775,467,20,4832,233,7303
python/cpython,5884,3022,6914,21205,9082,9985,480,46107
aristocratos/btop,5872,196,137,238,320,6121,473,6763
koljab/realtimestt,5867,476,19,19,85,6181,426,6466
foundationagents/openmanus,5865,1181,35,115,204,6840,357,7400
waydabber/betterdisplay,5865,109,31,3,1176,6101,474,7184
yikart/aitoearn,5863,838,426,84,433,6315,419,7644
moonshotai/kimi-k2,5858,361,23,10,76,6170,251,6328
nextjs/saas-starter,5852,1513,27,144,68,7013,438,7604
youhunwl/tvapp,5848,640,403,1,21,6301,397,6913
fastfetch-cli/fastfetch,5848,204,632,257,529,6150,477,7470
tailscale/tailscale,5847,503,5408,2456,2805,7320,476,17019
karpathy/llm-council,5846,747,0,63,31,6551,159,6687
voltagent/awesome-claude-code-subagents,5839,594,45,58,27,6377,264,6563
hyde-project/hyde,5831,530,1091,668,1034,6231,471,9154
lyswhut/lx-music-desktop,5827,502,97,32,319,6307,475,6777
outline/outline,5822,677,5114,2343,1543,6556,476,15499
microsoft/typescript,5822,792,551,1089,3348,7098,476,11602
aureuserp/aureuserp,5815,248,394,731,698,5996,431,7886
zhongyang219/trafficmonitor,5810,305,140,53,277,6144,472,6585
iamgio/quarkdown,5805,146,1130,271,150,5907,410,7502
youngyangyang04/leetcode-master,5804,726,43,124,33,6261,467,6730
keycloak/keycloak,5802,875,3206,6132,9648,7542,478,25663
coreyhaines31/marketingskills,5801,817,84,56,59,6538,104,6817
lauriewired/ghidramcp,5791,414,24,60,78,6063,377,6367
jgraph/drawio-desktop,5778,398,92,25,431,6206,473,6724
tobi/qmd,5769,362,111,122,83,6173,139,6447
snailclimb/javaguide,5764,878,156,177,111,6385,477,7086
wavetermdev/waveterm,5755,318,2272,1375,376,6129,476,10096
huanshere/videolingo,5740,647,78,33,141,6189,450,6639
toon-format/toon,5722,62,66,34,59,5799,173,5943
coder/code-server,5714,707,226,290,341,6347,476,7278
soulter/astrbot,5708,353,562,168,1158,5968,84,7949
bytebot-ai/bytebot,5704,650,289,105,77,6201,364,6825
twitter/the-algorithm,5703,712,0,25,69,6266,458,6509
awslabs/mcp,5689,736,3094,2652,718,6511,387,12889
wdndev/llm_interview_note,5680,511,2,9,11,5944,470,6213
microsoft/vscode-copilot-chat,5668,930,4637,4168,32,6479,301,15435
nikmcfly/anus,5667,915,7,16,74,6291,158,6679
bevyengine/bevy,5637,632,2065,7134,3476,6610,476,18944
honojs/hono,5635,217,387,504,477,5970,475,7220
qarmin/czkawka,5629,205,229,100,334,5864,475,6497
cinnamon/kotaemon,5627,543,103,92,158,6044,442,6523
foundationagents/metagpt,5620,920,4,39,151,6418,357,6734
meilisearch/meilisearch,5619,368,1979,713,436,5988,477,9115
johnshall/shadowrocket-adblock-rules-forever,5618,383,326,14,231,5843,476,6572
rowboatlabs/rowboat,5615,463,1428,342,100,5938,396,7948
aquasecurity/trivy,5612,442,1009,1282,468,5981,474,8813
ruvnet/ruview,5608,796,148,42,55,6345,59,6649
supermemoryai/supermemory,5587,478,728,412,154,5984,474,7359
hedge-dev/xenonrecomp,5583,382,14,54,120,5840,218,6153
nickscamara/open-deep-research,5583,732,32,38,49,6033,298,6434
gethomepage/homepage,5578,500,1384,773,44,6015,474,8279
calcom/cal.com,5566,3011,20892,13070,2796,8655,463,45335
strapi/strapi,5560,1076,2887,1798,3239,7304,478,14560
deepseek-ai/deepgemm,5557,673,190,157,174,6009,346,6751
agentdeskai/browser-tools-mcp,5556,437,35,58,225,5942,364,6311
modelcontextprotocol/inspector,5556,659,443,620,647,6295,470,7925
xyflow/xyflow,5551,389,665,394,446,5978,476,7445
infisical/infisical,5551,443,4861,2368,354,6030,476,13577
ufund-me/qbot,5525,785,6,6,19,5932,472,6341
bytedance/flowgram.ai,5524,445,403,694,597,5889,377,7663
colinhacks/zod,5521,461,961,847,1484,6356,469,9274
996icu/996.icu,5512,193,3,17,0,5544,469,5725
drizzle-team/drizzle-orm,5508,386,976,435,1306,6341,476,8611
agentscope-ai/agentscope,5506,646,346,273,359,6127,249,7130
docker/awesome-compose,5502,893,0,210,16,6233,473,6621
casey/just,5490,130,497,296,315,5692,474,6728
rclone/rclone,5488,527,466,533,559,6115,477,7573
xiaoyaocz/dart_simple_live,5482,1311,74,105,238,6424,461,7210
go-gitea/gitea,5479,680,1643,5422,2367,6685,477,15591
qdrant/qdrant,5476,461,4750,2403,463,6001,476,13553
rust-lang/rustlings,5473,1068,53,78,70,6343,471,6742
agentskills/agentskills,5471,309,32,38,53,5755,134,5903
llvm/llvm-project,5468,2561,50623,67070,21808,11394,479,147530
elie222/inbox-zero,5462,667,4240,1257,125,5919,474,11751
qwibitai/nanoclaw,5459,2464,416,401,224,7923,80,8964
wg-easy/wg-easy,5458,453,244,625,393,5921,472,7173
karakeep-app/karakeep,5454,345,602,411,970,5969,381,7782
logseq/logseq,5445,428,3748,353,1217,6004,475,11191
naibowang/easyspider,5443,641,43,14,273,6010,458,6414
apache/superset,5442,2077,6903,12357,1916,7833,476,28695
alexsjones/llmfit,5441,308,219,123,104,5759,75,6195
abi/screenshot-to-code,5440,918,154,57,51,6081,461,6620
ente-io/ente,5436,448,4620,3251,573,5970,476,14328
jamiepine/voicebox,5429,631,231,56,151,6060,95,6498
bytedance/megatts3,5424,392,38,26,134,5697,224,6014
sharkdp/fd,5421,136,107,186,127,5521,471,5977
richards199999/thinking-claude,5421,631,11,15,19,5783,412,6097
gradio-app/gradio,5416,536,5146,1478,1729,6208,476,14305
firstcontributions/first-contributions,5413,13536,11615,22669,637,21214,477,53870
clickhouse/clickhouse,5404,866,29932,27803,7565,7242,478,71570
grapeot/devin.cursorrules,5399,663,63,124,123,5748,297,6372
1c7/chinese-independent-developer,5395,435,585,199,129,5724,473,6743
moghtech/komodo,5392,155,1140,158,569,5714,441,7414
qwenlm/qwen2.5,5381,476,11,21,116,5700,118,6005
hmjz100/linkswift,5369,233,70,10,249,5560,438,5931
funstory-ai/babeldoc,5363,368,1115,554,178,5585,405,7578
letta-ai/letta,5361,562,610,726,486,5894,474,7745
dbeaver/dbeaver,5356,396,4693,1755,3209,6530,478,15409
googleworkspace/cli,5353,272,278,360,113,5657,59,6376
yunaiv/ruoyi-vue-pro,5346,1269,127,113,399,6205,473,7254
lightricks/ltx-video,5345,455,25,52,202,5721,452,6079
biomejs/biome,5345,258,4758,3929,2498,6103,477,16788
textualize/textual,5344,214,876,499,357,5574,474,7290
laurent22/joplin,5343,710,1711,2494,1700,6255,477,11958
streamlit/streamlit,5342,718,10918,4990,1767,6353,477,23735
amir1376/ab-download-manager,5339,267,354,316,472,5643,476,6748
systran/faster-whisper,5329,428,12,45,115,5709,475,5929
mouredev/hello-python,5326,356,7,4,854,5523,469,6547
kittenml/kittentts,5323,274,14,14,36,5544,227,5661
lukasz-madon/awesome-remote-job,5322,401,12,59,36,5647,471,5830
z4nzu/hackingtool,5309,623,1,14,55,5821,471,6002
microsoft/terminal,5307,661,1046,682,1728,6300,476,9424
nocobase/nocobase,5304,541,10566,2718,451,5839,476,19580
nelvko/clash-for-linux-install,5300,577,357,16,511,5779,474,6761
p-e-w/heretic,5288,380,78,72,94,5629,174,5912
karanpratapsingh/system-design,5284,933,2,21,9,5978,470,6249
mihonapp/mihon,5277,327,403,792,1013,5847,476,7812
opencv/opencv,5276,1354,1149,1714,828,6714,476,10321
diygod/rsshub,5275,1915,3201,3964,1010,7020,477,15365
modelscope/ms-swift,5275,520,1332,2112,3910,6575,475,13149
nginxproxymanager/nginx-proxy-manager,5270,547,252,355,1431,5978,474,7855
alibaba/spring-ai-alibaba,5270,1019,1102,2131,3194,6446,472,12716
heyverse/hey,5261,144,1385,673,86,5194,219,7549
iib0011/omni-tools,5247,286,251,173,148,5471,412,6105
apple/ml-fastvlm,5246,362,0,11,62,5489,260,5681
jlevy/the-art-of-command-line,5238,397,0,8,6,5514,474,5649
anionex/banana-slides,5237,622,459,91,115,5723,151,6524
skyvern-ai/skyvern,5233,525,3629,4630,234,5697,476,14251
ccxt/ccxt,5233,735,5329,3434,1212,6124,477,15943
xiaojieonly/ehviewer_cn_sxj,5233,110,131,27,691,5540,470,6192
get-convex/convex-backend,5231,314,3228,136,185,5483,477,9094
cyc2018/cs-notes,5227,627,0,11,8,5604,470,5873
freetubeapp/freetube,5227,418,955,1308,1916,6008,473,9824
facebookresearch/dinov3,5219,334,27,54,186,5557,245,5820
om-ai-lab/vlm-r1,5216,330,112,93,372,5434,314,6123
promptfoo/promptfoo,5215,476,15739,6150,524,5786,477,28104
facebook/react-native,5207,891,3749,9829,2081,6634,476,21757
google/a2ui,5205,375,419,305,378,5580,135,6682
k-dense-ai/claude-scientific-skills,5195,514,121,43,20,5609,171,5893
serengil/deepface,5188,520,166,108,136,5613,450,6118
unopim/unopim,5185,45,202,166,58,5230,432,5656
snarktank/ralph,5182,562,5,44,19,5679,114,5812
linkwarden/linkwarden,5179,241,697,270,474,5506,472,6861
raysan5/raylib,5177,537,782,750,373,5638,474,7619
tldraw/tldraw,5177,507,5736,2760,1998,5761,477,16178
quentinfuxa/whisperlivekit,5176,480,158,61,160,5567,369,6035
warpdotdev/warp,5169,357,198,73,7013,7123,477,12810
krishnadey30/leetcode-questions-companywise,5169,1186,0,19,3,6038,438,6377
valvesoftware/source-sdk-2013,5167,828,80,828,374,5818,418,7277
lissy93/web-check,5165,483,25,74,24,5527,460,5771
droidrun/droidrun,5162,420,292,97,162,5435,352,6133
xifangczy/cat-catch,5159,384,241,47,200,5456,469,6031
end-4/dots-hyprland,5157,487,1531,533,1249,5776,474,8957
bagisto/opensource-ecommerce-mobile-app,5156,92,17,4,30,5241,447,5299
n4ze3m/page-assist,5152,469,380,142,385,5534,430,6528
openai/skills,5152,304,71,120,20,5452,134,5667
nomenak/superclaude,5141,468,60,58,73,5459,26,5800
muratcankoylan/agent-skills-for-context-engineering,5139,409,66,41,7,5461,130,5662
nomic-ai/gpt4all,5136,626,211,138,257,5661,456,6368
multimodal-art-projection/yue,5133,531,124,20,164,5526,366,5972
eigent-ai/eigent,5133,578,1468,736,839,5675,264,8754
revanced/revanced-manager,5131,173,454,314,630,5387,476,6702
nestjs/nest,5116,567,2471,2624,470,5764,475,11248
hcengineering/platform,5114,537,3688,3107,864,5561,475,13310
uvdesk/community-skeleton,5112,66,17,4,44,5168,441,5243
xpzouying/xiaohongshu-mcp,5106,675,168,190,194,5704,256,6333
longbridge/gpui-component,5097,212,1824,1269,284,5269,462,8686
modelscope/funasr,5091,486,69,101,327,5604,468,6074
langchain-ai/deepagents,5087,666,3429,2969,814,5842,250,12965
t8rin/imagetoolbox,5085,214,1342,885,571,5330,475,8097
google/adk-samples,5083,1303,855,1170,238,6293,380,8649
hannibal046/awesome-llm,5080,518,19,124,12,5486,463,5753
openspg/kag,5076,412,889,248,503,5422,418,7128
babalae/better-genshin-impact,5074,389,1043,762,1569,5571,474,8837
denoland/deno,5070,459,2751,3168,3034,6097,475,14482
chaitin/pandawiki,5057,399,398,744,755,5479,324,7353
metabase/metabase,5047,838,45163,23004,8698,6302,478,82750
electron/electron,5044,1183,5851,7388,2417,6633,478,21883
openai/openai-python,5040,985,1599,651,463,6098,475,8738
yuliskov/smarttube,5037,297,1385,267,2139,5778,475,9125
brunodev85/winlator,5035,345,24,32,2011,5901,469,7447
teableio/teable,5035,379,2426,1183,296,5345,467,9319
idosal/git-mcp,5035,418,286,238,59,5323,358,6036
langchain-ai/ollama-deep-researcher,5034,473,39,35,63,5336,58,5644
grafana/grafana,5029,1049,46935,25089,8960,7513,478,87062
huggingface/trl,5017,891,3521,1715,1159,6125,474,12303
mail-0/zero,5015,810,1540,1200,271,5607,362,8836
facebook/docusaurus,5015,1042,824,688,373,6068,473,7942
firecrawl/open-lovable,5011,1096,10,30,30,5929,248,6177
dao-ailab/flash-attention,5009,562,686,325,439,5749,475,7021
sharkdp/bat,5006,157,293,375,189,5215,476,6020
facebookresearch/faiss,5006,415,596,838,281,5401,475,7136
canopyai/orpheus-tts,5005,406,44,40,294,5341,318,5789
files-community/files,5002,317,1829,927,1257,5624,476,9332
lc044/wechatmsg,4997,456,16,11,105,5259,456,5585
gokumohandas/made-with-ml,4995,697,0,9,3,5557,473,5704
oursources/worldofpixels-server,4990,0,0,0,0,7,4,4990
zeyi-lin/hivisionidphotos,4981,597,9,14,31,5364,439,5632
classicoldsong/apollo,4974,132,130,43,958,5488,468,6237
anthropics/claude-plugins-official,4973,560,171,405,169,5713,147,6278
refly-ai/refly,4969,442,2981,1559,261,5136,428,10212
ubicloud/ubicloud,4961,238,5241,2923,63,5137,464,13426
developer-y/cs-video-courses,4959,684,109,162,11,5509,468,5925
alienator88/pearcleaner,4953,108,287,37,280,5074,473,5665
lazyvim/lazyvim,4952,558,540,429,701,5612,475,7180
easytier/easytier,4952,476,527,566,920,5458,476,7441
straymeteor3337/wechatrealfriends,4950,343,15,6,134,5120,224,5448
sveltejs/svelte,4945,477,2946,1724,1563,5777,475,11655
openpipe/art,4945,395,1548,508,139,5245,363,7535
bmadcode/bmad-method,4943,910,60,79,87,5549,117,6079
sammwyy/mikumikubeam,4938,419,22,41,107,5235,362,5527
black-forest-labs/flux,4938,403,14,33,68,5263,440,5456
awesome-foss/awesome-sysadmin,4937,373,27,98,16,5224,473,5451
valkey-io/valkey,4933,252,646,1577,713,5265,474,8121
yeachan-heo/oh-my-codex,4928,331,760,758,391,5281,77,7168
werwolv/imhex,4918,261,916,266,399,5213,470,6760
andymik90/auto-claude,4916,703,1503,2489,1378,5659,87,10989
bytedance/monolith,4915,336,0,0,8,5086,271,5259
roocodeinc/roo-code,4913,857,5772,6864,3323,6366,338,21729
m-bain/whisperx,4912,509,69,166,324,5414,473,5980
getasterisk/deepclaude,4902,415,2,3,55,5144,188,5377
xai-org/x-algorithm,4900,893,0,0,0,5646,95,5793
luongnv89/claude-howto,4898,476,79,25,9,5338,136,5487
datawhalechina/llm-universe,4894,483,39,70,45,5181,457,5531
ggml-org/whisper.cpp,4893,705,183,386,242,5648,382,6409
zellij-org/zellij,4892,206,400,312,398,5286,475,6208
mruniquehacker/knightbot-md,4889,10170,116,224,79,11684,446,15478
automatisch/automatisch,4883,399,695,566,80,5188,409,6623
langmanus/langmanus,4873,516,87,111,102,5170,11,5689
marticliment/unigetui,4869,155,1214,823,879,5210,424,7940
ueberdosis/tiptap,4866,391,1185,745,701,5471,476,7888
ray-project/ray,4863,950,12514,11704,11281,6283,477,41312
coreybutler/nvm-windows,4856,288,11,32,122,5098,474,5309
ai-dynamo/dynamo,4851,586,27703,10276,1526,5458,401,44942
google-gemini/cookbook,4844,981,325,830,264,5665,470,7244
volcengine/openviking,4842,359,813,521,258,5271,92,6793
qbittorrent/qbittorrent,4840,369,341,750,1766,5669,475,8066
nevamind-ai/memu,4840,325,233,140,152,5115,251,5690
arindam200/awesome-ai-apps,4833,569,140,84,17,5293,333,5643
localstack/localstack,4833,330,2650,1910,813,5365,462,10536
beehiveinnovations/zen-mcp-server,4830,379,299,141,191,5171,168,5840
microsoft/trellis,4828,550,9,23,226,5298,452,5636
barry-ran/qtscrcpy,4827,439,47,44,96,5150,473,5453
mcp-use/mcp-use,4823,544,1560,692,375,5286,365,7994
samuelschmidgall/agentlaboratory,4818,691,31,45,109,5228,358,5694
hkuds/ai-trader,4815,235,153,34,53,5027,188,5290
ankitects/anki,4807,432,568,842,283,5194,475,6932
gitlawb/openclaude,4804,1258,194,174,97,6029,30,6527
rothgar/awesome-tuis,4799,258,174,257,31,5037,472,5519
freecad/freecad,4798,710,2641,6705,10439,6346,476,25293
django/django,4797,1876,1070,2051,0,6448,474,9794
wailsapp/wails,4795,280,961,599,707,5172,474,7342
labuladong/fucking-algorithm,4795,511,9,34,160,5169,468,5509
zijie0/humansystemoptimization,4794,335,2,0,6,4989,378,5137
janhq/jan,4791,330,1283,1006,586,5184,260,7996
fastrepl/hyprnote,4789,285,4049,2562,1088,5005,310,12773
