repo_name,total_stars,avg_monthly_stars,peak_stars,peak_ratio,months_active,is_ai
zama-ai/bounty-program,9921,901.9,9774,10.825010068465566,11,false
campsite/campsite,4346,395.1,3998,10.093642414505394,11,false
gar-b-age/cooklikehoc,11851,1077.4,10614,9.842690945877592,11,false
nvidia/cosmos,7517,683.4,6730,9.83395324123273,11,false
bytedance/monolith,4786,435.1,4280,9.814467375442986,11,false
deepseek-ai/flashmla,10877,1087.7,9822,9.021769082391843,10,false
oumi-ai/oumi,8068,733.5,6609,8.998514667656888,11,false
inkonchain/docs,40603,3691.2,32850,8.897178312897031,11,false
inkonchain/node,40834,3712.2,33007,8.889141877830824,11,false
inkonchain/ink-kit,40407,3673.4,32623,8.878544212974417,11,false
simplescaling/s1,6149,614.9,5386,8.74492612437084,10,false
microsoft/wsl,10453,950.3,8252,8.674694189602446,11,false
valvesoftware/source-sdk-2013,5044,458.5,3909,8.506231454005935,11,false
hedge-dev/xenonrecomp,5534,614.9,5210,8.459318058812917,9,false
openai/openai-realtime-agents,5963,542.1,4569,8.412956143287579,11,false
googlecloudplatform/kubectl-ai,5891,589.1,4963,8.410438908659549,10,false
suitenumerique/docs,12468,1133.5,9513,8.385527686513342,11,false
sesameailabs/csm,12997,1299.7,10839,8.333205197201506,10,false
cordx56/rustowl,4327,393.4,3272,8.296911018902719,11,false
kvcache-ai/ktransformers,13605,1236.8,10269,8.296048766157462,11,false
iamgio/quarkdown,5314,483.1,4007,8.27737089201878,11,false
composiohq/composio,12035,1094.1,8926,8.150921467707123,11,false
stepfun-ai/step-audio,4086,408.6,3318,8.1005859375,10,false
mannaandpoem/openmanus,42619,4735.4,37967,8.015928497701042,9,false
zyphra/zonos,6359,635.9,5092,7.994975663369446,10,false
hedge-dev/unleashedrecomp,3997,444.1,3534,7.939590614078882,9,false
google/pebble,4583,416.6,3286,7.868088811493252,11,false
deepseek-ai/janus,15273,1388.5,10903,7.846964145511646,11,false
deepseek-ai/deepep,7714,771.4,6060,7.845675815639566,10,false
microsoft/omniparser,16899,1536.3,12024,7.821643997634536,11,false
heyverse/hey,5269,526.9,4099,7.7647281682136775,10,false
kern/filepizza,4551,413.7,3212,7.744848750548005,11,false
lynx-family/lynx,11924,1324.9,10255,7.734433922735271,9,false
shardeum/shardeum,5878,534.4,4137,7.727457972491085,11,false
dzhng/deep-research,16293,1629.3,12514,7.675887873397534,10,false
deepseek-ai/deepgemm,5286,528.6,4061,7.668051359516616,10,false
microsoft/typescript-go,19704,2189.3,16731,7.638563384568558,9,false
kuchin/awesome-cto,5153,468.5,3581,7.628001549186677,11,false
straymeteor3337/wechatrealfriends,4918,491.8,3745,7.599431818181818,10,false
mozilla-firefox/firefox,8352,835.2,6347,7.590289404448696,10,false
tabbyml/tabby,9373,852.1,6465,7.578324808184143,11,false
nickscamara/open-deep-research,5541,554.1,4203,7.571608719149703,10,false
samuelschmidgall/agentlaboratory,4692,426.5,3223,7.538379757601531,11,false
camel-ai/owl,16287,1809.7,13517,7.46520618556701,9,false
grapeot/devin.cursorrules,5366,487.8,3638,7.442440022317277,11,false
xming521/weclone,12889,1171.7,8548,7.288992248062016,11,false
louis-e/arnis,6624,602.2,4383,7.26646571213263,11,false
tapxworld/chinatextbook,41394,3763.1,27315,7.256732278710301,11,false
ggerganov/ggwave,4604,418.5,3042,7.250704225352113,11,false
xpipe-io/xpipe,7276,661.5,4786,7.224646630986689,11,false
sammwyy/mikumikubeam,4803,436.6,3156,7.211466555878688,11,false
deepseek-ai/deepseek-llm,4664,424.0,3053,7.183529411764706,11,false
elizaos/eliza,9019,819.9,5856,7.133554817275748,11,false
ibttf/interview-coder,5909,537.2,3816,7.090540540540541,11,false
moeru-ai/airi,9192,835.6,5919,7.074758231011627,11,false
deepseek-ai/open-infra-index,7342,734.2,5126,6.972252448313384,10,false
juliangarnier/anime,12093,1099.4,7536,6.848645076007932,11,false
pennyroyaltea/gibberlink,4100,410.0,2808,6.8321167883211675,10,false
liam-hq/liam,3877,352.5,2407,6.809927983539095,11,false
al1abb/invoify,3855,350.5,2381,6.774702534919814,11,false
sparkaudio/spark-tts,9412,941.2,6343,6.732116323498196,10,false
deepseek-ai/deepseek-v3,84996,7726.9,51693,6.689131483289612,11,false
elie222/inbox-zero,5104,464.0,3109,6.686021505376344,11,false
richards199999/thinking-claude,5258,478.0,3193,6.665970772442589,11,false
rustfs/rustfs,6291,571.9,3788,6.611869247857824,11,false
om-ai-lab/vlm-r1,5143,514.3,3401,6.6000388123423255,10,false
zijie0/humansystemoptimization,4936,448.7,2954,6.568425308267637,11,false
zuodaotech/everyone-can-use-english,3973,361.2,2377,6.563002008032129,11,false
deepseek-ai/smallpond,4364,436.4,2864,6.547782350251486,10,false
mfontanini/presenterm,4520,410.9,2696,6.545133524608254,11,false
camel-ai/camel,7506,682.4,4463,6.530929892244246,11,false
srbhr/resume-matcher,12408,1128.0,7369,6.527015057573074,11,false
remoteintech/remote-jobs,6115,555.9,3621,6.501958863858962,11,false
vllm-project/aibrix,3849,384.9,2509,6.501684374190205,10,false
kavishdevar/librepods,6366,909.4,5903,6.483759610858308,7,false
voideditor/void,15488,1408.0,9121,6.4733853797019165,11,false
stanford-oval/storm,12255,1114.1,7217,6.472118049894016,11,false
microsoft/data-formulator,10687,971.5,6285,6.462422882781829,11,false
khoj-ai/khoj,13325,1211.4,7809,6.441136772645471,11,false
deepseek-ai/deepseek-coder,14383,1307.5,8417,6.432332916492983,11,false
getasterisk/deepclaude,4904,544.9,3474,6.363932424180745,9,false
ubicloud/ubicloud,4771,433.7,2751,6.32810539523212,11,false
t3dotgg/stripe-recommendations,4095,372.3,2346,6.284948855333658,11,false
deepseek-ai/deepseek-r1,86759,7887.2,49387,6.26088509853636,11,false
antiwork/gumroad,6429,803.6,5032,6.2538449588317535,8,false
krillinai/krillinai,7005,875.6,5469,6.238699557963781,8,false
ahujasid/blender-mcp,12153,1350.3,8352,6.180562407498767,9,false
nikmcfly/anus,5672,810.3,5009,6.174150378587779,7,false
ai-dynamo/dynamo,4589,509.9,3133,6.132448890822096,9,false
dyad-sh/dyad,10182,1131.3,6830,6.031792758316162,9,false
nari-labs/dia,15975,1996.9,12048,6.0304073077644995,8,false
zju-llms/foundations-of-llms,9877,897.9,5410,6.018406148867314,11,false
jina-ai/node-deepresearch,4346,434.6,2609,5.989439853076217,10,false
moonshotai/kimi-audio,3863,482.9,2894,5.980883492637561,8,false
henrythe9th/ai-crash-course,4445,404.1,2420,5.973967684021544,11,false
huggingface/agents-course,19808,1980.8,11797,5.95266929054395,10,false
ngxson/smolvlm-realtime-webcam,3873,553.3,3287,5.9301546391752575,7,false
glanceapp/glance,17209,1564.5,9257,5.913298490127758,11,false
lllyasviel/framepack,14032,1754.0,10333,5.887749287749288,8,false
huggingface/open-r1,23819,2165.4,12739,5.880360889634914,11,false
n4ze3m/page-assist,4974,452.2,2662,5.874022066198596,11,false
hpcaitech/open-sora,4435,403.2,2367,5.8562753036437245,11,false
deepseek-ai/awesome-deepseek-integration,30652,2786.5,16238,5.82519649088478,11,false
plait-board/drawnix,7544,685.8,3985,5.802117802779616,11,false
sansan0/trendradar,13950,1992.9,11494,5.764705882352941,7,false
crestalnetwork/intentkit,6200,563.6,3252,5.759459024311705,11,false
openbmb/minicpm-o,7048,881.0,5024,5.696145124716553,8,false
googleapis/genai-toolbox,6924,692.4,3941,5.6835881165272575,10,false
lightpanda-io/browser,8864,805.8,4532,5.61712676056338,11,false
nvidia/isaac-gr00t,4355,483.9,2677,5.520852428964253,9,false
zama-ai/fhevm,15068,1674.2,9241,5.516283080188367,9,false
subframe7536/maple-font,12374,1124.9,6209,5.514654824384335,11,false
canopyai/orpheus-tts,4890,543.3,2990,5.492957746478873,9,false
aipotheosis-labs/aci,3922,490.3,2697,5.490076335877863,8,false
apple/containerization,4643,773.8,4215,5.439879543987954,6,false
astral-sh/ty,10457,1493.9,8131,5.439315749235474,7,false
openai/openai-cs-agents-demo,3854,642.3,3493,5.429533678756476,6,false
funstory-ai/babeldoc,4661,466.1,2536,5.429244273174909,10,false
clockworklabs/spacetimedb,12028,1093.5,5902,5.392640584766176,11,false
microsoft/bitnet,9417,856.1,4598,5.364658464149342,11,false
anduin2017/howtocook,22265,2024.1,10851,5.358277967319088,11,false
bytedance/deer-flow,14792,2113.1,11319,5.353942833975268,7,false
olow304/memvid,6384,912.0,4859,5.322015334063527,7,false
nanobrowser/nanobrowser,8645,785.9,4178,5.309380776340111,11,false
jamez-bondos/awesome-gpt4o-images,6427,803.4,4263,5.2997668997669,8,false
longbridge/gpui-component,4372,397.5,2105,5.282911248003651,11,false
yeongpin/cursor-free-vip,34985,3180.5,16720,5.255457766601897,11,false
nanmicoder/mediacrawler,14030,1275.5,6699,5.2481304750373905,11,false
fosowl/agenticseek,14875,1487.5,7802,5.24151830702049,10,false
drewthomasson/ebook2audiobook,8790,799.1,4180,5.224406317463925,11,false
koljab/realtimestt,5590,508.2,2659,5.2221031958578825,11,false
zackriya-solutions/meeting-minutes,6656,605.1,3165,5.221988900554972,11,false
rybbit-io/rybbit,7080,1011.4,5277,5.212219556935233,7,false
loft-sh/vcluster,3837,348.8,1814,5.1855509355509355,11,false
lightricks/ltx-video,5050,459.1,2384,5.181584667061846,11,false
ruanyf/weekly,21930,1993.6,10321,5.174376737614511,11,false
bytedance/trae-agent,6071,1011.8,5206,5.140036202073391,6,false
bytedance/flowgram.ai,5360,536.0,2759,5.13780260707635,10,false
jiayi-pan/tinyzero,11518,1047.1,5374,5.127417815942406,11,false
hacksider/deep-live-cam,29775,2706.8,13866,5.120727858725576,11,false
lucide-icons/lucide,6359,578.1,2965,5.120094191522763,11,false
google-gemini/gemini-fullstack-langgraph-quickstart,10140,1690.0,8623,5.099349497338853,6,false
bytedance/latentsync,4409,400.8,2047,5.094343891402715,11,false
nutlope/logocreator,3861,351.0,1791,5.088068181818182,11,false
winapps-org/winapps,6030,548.2,2786,5.073001158748552,11,false
freetubeapp/freetube,4786,435.1,2211,5.07004377736085,11,false
solidtime-io/solidtime,4466,406.0,2061,5.063882063882064,11,false
fujiwarachoki/moneyprinterv2,9369,851.7,4315,5.060234541577825,11,false
electronicarts/cnc_red_alert,6013,601.3,3045,5.055620122862361,10,false
deepseek-ai/deepseek-vl2,4146,376.9,1903,5.035602598027423,11,false
allenai/olmocr,13363,1336.3,6689,5.001869438420699,10,false
modsetter/surfsense,5892,535.6,2672,4.979163137387769,11,false
ocrmypdf/ocrmypdf,15183,1380.3,6837,4.949782809003554,11,false
automatisch/automatisch,4675,425.0,2102,4.934272300469484,11,false
github/github-mcp-server,18809,2351.1,11574,4.9206568528458305,8,false
mastra-ai/mastra,14002,1272.9,6251,4.906943552415614,11,false
google/adk-python,11806,1475.8,7233,4.897917724733367,8,false
c4illin/convertx,5400,490.9,2407,4.893180558122343,11,false
d4vinci/scrapling,4619,419.9,2058,4.889416846652267,11,false
topoteretes/cognee,5096,463.3,2266,4.880751909144312,11,false
assafelovic/gpt-researcher,7334,666.7,3258,4.879237576582709,11,false
hw-whistleblower/true-story-of-pangu,7552,1510.4,7360,4.869657271403996,5,false
openai/openai-agents-python,13152,1461.3,7120,4.868930932299977,9,false
roboflow/supervision,7628,693.5,3372,4.855609372954575,11,true
dockur/macos,5633,512.1,2477,4.827604535790219,11,false
asyncfuncai/deepwiki-open,8915,1114.4,5361,4.806455228062311,8,false
cinnamon/kotaemon,5368,488.0,2348,4.801635991820041,11,false
ghostty-org/ghostty,16485,1498.6,7185,4.791161493695441,11,false
lauriewired/ghidramcp,5217,579.7,2770,4.770378874856487,9,false
raga-ai-hub/ragaai-catalyst,12486,1135.1,5418,4.7689845562935105,11,false
genesis-embodied-ai/genesis,5944,540.4,2580,4.765743073047859,11,false
onlook-dev/onlook,13124,1193.1,5677,4.754244385230301,11,false
openspg/kag,4913,446.6,2123,4.7426888708367185,11,false
electronicarts/cnc_generals_zero_hour,3991,399.1,1891,4.726318420394901,10,false
apple/ml-fastvlm,5160,737.1,3485,4.721308302690149,7,false
mindverse/second-me,12641,1264.1,5967,4.716623191842542,10,false
loft-sh/devpod,4463,405.7,1912,4.7009387572641925,11,false
multimodal-art-projection/yue,5002,454.7,2136,4.687013764213046,11,false
web-infra-dev/midscene,7532,684.7,3196,4.660745061646559,11,false
bytebot-ai/bytebot,5362,595.8,2781,4.660026065909514,9,false
xiaomi/ha_xiaomi_home,4436,403.3,1883,4.6577467955925345,11,false
mtdvio/every-programmer-should-know,6088,553.5,2576,4.646007542220036,11,false
9001/copyparty,20290,1844.5,8544,4.629525639131077,11,false
satnaing/shadcn-admin,6354,577.6,2669,4.612568735271013,11,false
microsoft/edit,9236,1319.4,6045,4.5780590717299585,7,false
executeautomation/mcp-playwright,4011,364.6,1666,4.556439582297364,11,false
quentinfuxa/whisperlivekit,4700,522.2,2380,4.5487364620938635,9,false
agentcodee/cursor-free-everyday,4559,651.3,2965,4.545554095488392,7,false
deepseek-ai/3fs,8600,860.0,3907,4.537746806039489,10,false
codephiliax/chat2db,5888,535.3,2430,4.531276487540262,11,false
microsoft/vscode-copilot-chat,5399,899.8,4058,4.504717853839038,6,false
gofr-dev/gofr,10042,912.9,4100,4.4862230180045755,11,false
serengil/deepface,4709,428.1,1922,4.479237288135593,11,false
linera-io/linera-protocol,27967,2542.5,11389,4.477768246479377,11,false
tauricresearch/tradingagents,14421,1602.3,7166,4.46943866943867,9,false
microsoft/magentic-ui,5353,764.7,3408,4.450746268656717,7,false
mintplex-labs/anything-llm,18315,1665.0,7414,4.450180072028812,11,false
bytedance/megatts3,5397,599.7,2673,4.450055493895672,9,false
getomni-ai/zerox,3888,353.5,1573,4.437804565273147,11,false
cherryhq/cherry-studio,27373,2488.5,11037,4.433501314636284,11,false
apple/container,12537,2089.5,9251,4.425257115522602,6,false
unslothai/unsloth,23360,2123.6,9396,4.422403833811134,11,true
hummingbot/hummingbot,5044,458.5,2024,4.40435212660732,11,false
ahmedkhaleel2004/gitdiagram,12522,1138.4,5016,4.402457512167877,11,false
521xueweihan/hellogithub,28482,2589.3,11306,4.364791352261959,11,false
kortix-ai/suna,15276,1909.5,8331,4.360638576288929,8,false
bytedance/ui-tars-desktop,16134,1466.7,6374,4.342768659027563,11,false
996icu/996.icu,4970,451.8,1964,4.33728167034732,11,false
anoma/anoma,11643,1058.5,4569,4.312596533379097,11,false
senshinya/moontv,6881,1146.8,4950,4.312472774793089,6,false
shareai-lab/analysis_claude_code,6764,1127.3,4858,4.3054652880354505,6,false
realkai42/qwerty-learner,4027,366.1,1579,4.3013868251609715,11,false
ashishpatel26/500-ai-agents-projects,9237,839.7,3615,4.299848615916955,11,false
corentinj/real-time-voice-cloning,3883,353.0,1514,4.27683615819209,11,false
kalyanks-nlp/llm-engineer-toolkit,5809,645.4,2757,4.264867652114129,9,false
mark3labs/mcp-go,6025,547.7,2332,4.249834327369118,11,false
dokploy/dokploy,12895,1172.3,4938,4.208740120874012,11,false
zilliztech/deep-searcher,6209,620.9,2610,4.196816208393632,10,false
maotoumao/musicfree,9022,820.2,3431,4.178124654046275,11,false
krtirtho/spotube,9019,819.9,3426,4.173421926910299,11,false
jiangrui1994/cloudsaver,6609,600.8,2511,4.172356495468278,11,false
krishkrosh/trackweight,4232,846.4,3519,4.1527023837620956,5,false
fuma-nama/fumadocs,5545,504.1,2094,4.1457883369330455,11,false
fellouai/eko,4061,369.2,1527,4.125,11,false
potpie-ai/potpie,4204,382.2,1580,4.123368920521945,11,false
awslabs/mcp,5309,589.9,2417,4.09044753666792,9,false
amruthpillai/reactive-resume,5989,544.5,2213,4.057166666666666,11,false
tensorzero/tensorzero,6327,575.2,2334,4.05080467024298,11,false
boson-ai/higgs-audio,4465,893.0,3616,4.0447427293064875,5,false
getmaxun/maxun,6483,589.4,2383,4.0364952263627965,11,false
moonshotai/kimi-k2,5521,1104.2,4452,4.028230184581976,5,false
mail-0/zero,4844,538.2,2167,4.018751287863178,9,false
microsoft/rd-agent,5537,503.4,2025,4.014960346070656,11,false
harry0703/moneyprinterturbo,21926,1993.3,7972,3.9974472352646213,11,false
dataexpert-io/data-engineer-handbook,10674,970.4,3881,3.9954141319606924,11,false
openai/codex,37331,4666.4,18592,3.9833953774873456,8,false
jackywine/bella,4023,804.6,3202,3.9746772591857,5,false
pathwaycom/llm-app,25972,2361.1,9378,3.9702112919986146,11,false
index-tts/index-tts,8878,887.8,3527,3.9682718271827184,10,false
huanshere/videolingo,5318,483.5,1912,3.9467066991930944,11,false
anthropics/prompt-eng-interactive-tutorial,12322,1120.2,4414,3.936917213978756,11,false
google/langextract,9564,1912.8,7531,3.9351029365659946,5,false
coleam00/archon,9242,924.2,3638,3.932122784262862,10,false
google-ai-edge/gallery,8691,1241.6,4856,3.90802483329501,7,false
shadps4-emu/shadps4,12349,1122.6,4391,3.907847896440129,11,false
datatalksclub/data-engineering-zoomcamp,6389,580.8,2253,3.8723437499999998,11,false
the-pocket/pocketflow-tutorial-codebase-knowledge,3886,485.8,1878,3.8582434514637907,8,false
junkfood02/seal,8577,779.7,3003,3.846413600372613,11,false
sinaptik-ai/pandas-ai,7392,672.0,2588,3.8454680534918277,11,false
ourongxing/newsnow,10147,922.5,3548,3.8420949005709786,11,false
gitroomhq/postiz-app,7398,672.5,2579,3.8289917667701445,11,false
conardli/easy-dataset,9310,1034.4,3960,3.8244446829058916,9,false
coze-dev/coze-studio,11315,2263.0,8641,3.816696113074205,5,false
vanna-ai/vanna,7104,645.8,2465,3.810962754743499,11,false
simular-ai/agent-s,5556,505.1,1928,3.80959223998563,11,false
agentdeskai/browser-tools-mcp,5456,545.6,2082,3.8090010976948405,10,false
exo-explore/exo,12048,1095.3,4173,3.8065345385189486,11,false
dockur/windows,11559,1050.8,3999,3.801987899740709,11,false
zhayujie/chatgpt-on-wechat,6578,598.0,2275,3.7979966611018363,11,false
mountain-loop/yaak,7923,720.3,2735,3.7919082430047895,11,false
microsoft/trellis,4461,405.5,1530,3.763416815742397,11,false
tadata-org/fastapi_mcp,7993,888.1,3346,3.7633091727068235,9,false
stackblitz-labs/bolt.diy,9222,838.4,3153,3.7564171991768656,11,false
openai/gpt-oss,10781,2695.3,10109,3.7492814093648588,4,false
zaidmukaddam/scira,6196,563.3,2101,3.7233768326083454,11,false
kittenml/kittentts,5008,1252.0,4660,3.719074221867518,4,false
lfnovo/open-notebook,5198,472.5,1759,3.714532539834901,11,false
pyspur-dev/pyspur,4032,366.5,1362,3.7056641108088053,11,false
wan-video/wan2.1,12638,1263.8,4680,3.700189753320683,10,false
x1xhlol/system-prompts-and-models-of-ai-tools,68798,7644.2,28258,3.696164634412196,9,false
nextjs/saas-starter,5600,509.1,1881,3.687577971841027,11,false
anthropics/courses,6575,597.7,2201,3.6761311873671425,11,false
vercel/ai-chatbot,6902,627.5,2307,3.6709098799363518,11,false
permissionlesstech/bitchat,6231,1246.2,4576,3.6690186016677355,5,false
refly-ai/refly,4142,376.5,1384,3.6657837707681193,11,false
canner/wrenai,7775,706.8,2593,3.663370151554071,11,false
jlowin/fastmcp,14499,1318.1,4831,3.6623707787732602,11,false
pickle-com/glass,4319,863.8,3152,3.64477335800185,5,false
browserbase/stagehand,12138,1103.5,4024,3.643427442587867,11,false
virattt/ai-hedge-fund,31406,2855.1,10402,3.6420409332526975,11,false
is-a-dev/register,4290,390.0,1422,3.636828644501279,11,false
mindsdb/mindsdb,6784,616.7,2238,3.6229580573951434,11,false
graphiteeditor/graphite,8136,739.6,2683,3.6225604517000125,11,false
teableio/teable,4762,432.9,1571,3.6205740624345273,11,false
skyvern-ai/skyvern,4642,422.0,1529,3.6146572104018913,11,false
lharries/whatsapp-mcp,4212,468.0,1693,3.609808102345416,9,false
mathfoundationrl/book-mathematical-foundation-of-reinforcement-learning,6933,630.3,2274,3.602246543778802,11,false
frdel/agent-zero,4032,576.0,2077,3.5996533795493932,7,false
m1k1o/neko,5272,479.3,1726,3.59379140639788,11,false
jujumilk3/leaked-system-prompts,9346,849.6,3054,3.5902532863097147,11,false
yorukot/superfile,6278,570.7,2052,3.5891238670694863,11,false
sdmg15/best-websites-a-programmer-should-visit,7335,666.8,2376,3.5578546147563297,11,false
physical-intelligence/openpi,6311,631.1,2248,3.5563993039076096,10,false
simstudioai/sim,11366,1136.6,4037,3.5486990154711675,10,false
vert-sh/vert,5676,567.6,2017,3.5473091804431935,10,false
nomic-ai/gpt4all,4808,437.1,1554,3.54720896451546,11,false
pathwaycom/pathway,28917,2628.8,9273,3.526099280973451,11,false
maybe-finance/maybe,15963,1451.2,5117,3.523663453111306,11,false
browser-use/web-ui,12967,1178.8,4150,3.5174911388503625,11,false
punkpeye/awesome-mcp-servers,58941,5358.3,18824,3.512416881530737,11,false
ladybirdbrowser/ladybird,22097,2008.8,7058,3.511760448706351,11,false
awesomedata/awesome-public-datasets,5923,538.5,1894,3.5109538254128747,11,false
openpipe/art,4628,578.5,2034,3.5099223468507335,8,false
facebookresearch/vggt,8523,947.0,3314,3.4957805907172994,9,false
trycua/cua,6612,734.7,2562,3.4825555052106933,9,false
chatgptnextweb/nextchat,7715,701.4,2444,3.4796790059539218,11,false
coleam00/context-engineering-intro,6605,1321.0,4597,3.477307110438729,5,false
netbirdio/netbird,5380,489.1,1702,3.4728250788350956,11,false
steveiliop56/tinyauth,4057,368.8,1284,3.471976401179941,11,false
openlistteam/openlist,10484,1747.3,6069,3.4713060057197334,6,false
labring/fastgpt,5978,543.5,1889,3.469527467022875,11,false
droidrun/droidrun,4632,579.0,2011,3.467241379310345,8,false
automattic/harper,4165,378.6,1310,3.4506704980842913,11,false
sapientinc/hrm,6873,1374.6,4737,3.4435882523989534,5,false
getzep/graphiti,13346,1213.3,4180,3.4423897581792318,11,false
punkpeye/awesome-mcp-clients,4569,415.4,1433,3.4417030567685587,11,false
aidenybai/react-scan,7307,664.3,2283,3.431675321125991,11,false
nirdiamant/genai_agents,9956,905.1,3109,3.4312230360188622,11,false
drawdb-io/drawdb,8968,815.3,2788,3.415525114155251,11,false
huggingface/smolagents,19801,1800.1,6151,3.4151524328689686,11,false
sjj1024/pakeplus,4724,429.5,1468,3.410348468848997,11,false
sjzar/chatlog,6690,743.3,2530,3.3990147783251228,9,false
songquanpeng/one-api,6365,578.6,1969,3.3969573400250943,11,false
microsoft/markitdown,40796,3708.7,12523,3.375719851986179,11,false
chengazhen/cursor-auto-free,9384,853.1,2879,3.3708355508249066,11,false
stagewise-io/stagewise,4325,617.9,2084,3.3674976915974146,7,false
jj-vcs/jj,8546,776.9,2617,3.3641463129601497,11,false
google/adk-samples,4449,556.1,1874,3.363697554408795,8,false
kilo-org/kilocode,7368,818.7,2754,3.359902399349329,9,false
makeplane/plane,6793,617.5,2074,3.3530276308054088,11,false
glips/figma-context-mcp,9260,926.0,3107,3.3516720604099244,10,false
gyulyvgc/sniffnet,9275,843.2,2827,3.348804652164549,11,false
infiniflow/ragflow,34317,3119.7,10436,3.344092286180378,11,false
llmware-ai/llmware,6755,614.1,2056,3.342595329589122,11,false
siyuan-note/siyuan,11860,1078.2,3605,3.3404936399629346,11,false
scrapy/scrapy,3995,363.2,1216,3.3389915127309036,11,false
usestrix/strix,6475,1618.8,5405,3.3369347121469364,4,false
musistudio/claude-code-router,12328,1232.8,4109,3.3303614848435728,10,false
powershell/powershell,3955,359.5,1194,3.3116490166414523,11,false
rockchinq/langbot,7167,1023.9,3392,3.3097295790354053,7,false
yamadashy/repomix,12037,1094.3,3622,3.3069389110225766,11,false
nautechsystems/nautilus_trader,9382,852.9,2819,3.3012881933354628,11,false
1c7/chinese-independent-developer,4690,426.4,1410,3.299298021697511,11,false
nicbarker/clay,6051,550.1,1818,3.298911250412405,11,false
picotrex/awesome-nano-banana-images,8865,2216.3,7311,3.2973277708873603,4,false
nocobase/nocobase,4696,426.9,1409,3.292755470575738,11,false
mem0ai/mem0,14423,1311.2,4319,3.291464597478176,11,false
appwrite/appwrite,6369,579.0,1908,3.2896551724137932,11,false
google-gemini/gemini-cli,49393,8232.2,27073,3.2882851879592705,6,false
geeeekexplorer/nano-vllm,5044,840.7,2766,3.2863366336633666,6,false
opencut-app/opencut,25242,4207.0,13789,3.2768536121673004,6,false
infisical/infisical,4819,438.1,1437,3.2726708074534163,11,false
ollama/ollama,44520,4047.3,13227,3.267319395477308,11,true
snouzy/workout-cool,3877,646.2,2110,3.26036569662632,6,false
sharkdp/fd,4791,435.5,1419,3.2505206164098293,11,false
datawhalechina/llm-universe,4371,397.4,1294,3.248288452761296,11,false
docmost/docmost,8856,805.1,2617,3.2465320852599526,11,false
yuaotian/go-cursor-help,19324,1756.7,5695,3.239979312128265,11,false
hkuds/autoagent,5860,586.0,1900,3.2367972742759794,10,false
jimmylv/awesome-nano-banana,3994,998.5,3234,3.2356178089044523,4,false
menloresearch/jan,6578,822.3,2662,3.2335256604919524,8,false
modelcontextprotocol/servers,52615,4783.2,15381,3.2149697867974005,11,false
cloudcommunity/free-certifications,11316,1028.7,3305,3.2095877107795534,11,false
datawhalechina/llm-cookbook,8066,733.3,2355,3.2072551689983904,11,false
githubdaily/githubdaily,7788,708.0,2268,3.1988716502115655,11,false
qwenlm/qwen2.5-vl,7089,787.7,2511,3.18385460693153,9,false
twentyhq/twenty,9144,831.3,2643,3.1756417258328784,11,false
nirdiamant/agents-towards-production,8554,1425.7,4518,3.1668224299065417,6,false
anthropics/anthropic-cookbook,7933,881.4,2793,3.165071770334928,9,false
mediar-ai/screenpipe,4005,364.1,1154,3.1608565737051797,11,false
emcie-co/parlant,9623,874.8,2768,3.160473323645422,11,false
imputnet/cobalt,11157,1014.3,3191,3.1429978510028653,11,false
guovin/iptv-api,8110,737.3,2317,3.1384066001723925,11,false
unclecode/crawl4ai,30277,2752.5,8633,3.1353341257263603,11,false
abi/screenshot-to-code,5012,455.6,1429,3.1294047382042605,11,false
open-webui/open-webui,51147,4649.7,14549,3.1283279252511824,11,false
google-gemini/cookbook,4380,398.2,1246,3.1213846504213163,11,false
facebookresearch/dinov3,4694,1173.5,3665,3.120476798637718,4,false
henrygd/beszel,9830,893.6,2789,3.117467737018596,11,false
datawhalechina/happy-llm,12320,1760.0,5487,3.1158432708688246,7,false
krahets/hello-algo,12513,1137.5,3538,3.1074736505908658,11,false
microsoft/typescript,5139,467.2,1453,3.1034951456310678,11,false
lastmile-ai/mcp-agent,6017,547.0,1687,3.0784671532846715,11,false
modelcontextprotocol/python-sdk,14839,1349.0,4147,3.071851851851852,11,false
microsoft/ai-for-beginners,6031,548.3,1686,3.0695134061569016,11,false
koreader/koreader,5290,480.9,1478,3.0669684965100923,11,false
karpathy/nn-zero-to-hero,3957,359.7,1106,3.0660282258064515,11,false
hesreallyhim/awesome-claude-code,9646,1205.8,3697,3.063600580070437,8,false
janhq/jan,3949,789.8,2422,3.0627212948912494,5,false
mudler/localai,8782,798.4,2446,3.059934038439668,11,false
corentinth/it-tools,8167,742.5,2267,3.049278552213255,11,false
chiphuyen/aie-book,6302,572.9,1748,3.0457785521938856,11,false
modelcontextprotocol/typescript-sdk,7724,702.2,2136,3.037621202327085,11,false
eyaltoledano/claude-task-master,17058,1895.3,5757,3.035858674635261,9,false
qwenlm/qwen3,6631,828.9,2517,3.03298689561681,8,false
zeyi-lin/hivisionidphotos,4735,430.5,1307,3.0292878213232197,11,false
freqtrade/freqtrade,9468,860.7,2602,3.01951682666948,11,false
1panel-dev/1panel,6318,574.4,1735,3.015484278717017,11,false
penpot/penpot,6019,547.2,1650,3.009950248756219,11,false
daytonaio/daytona,12456,1132.4,3409,3.0078607523863,11,false
microsoft/playwright-mcp,16756,1861.8,5584,2.9976737250223677,9,false
qwenlm/qwen3-coder,5454,1090.8,3257,2.9831470965378277,5,false
openai/openai-python,4691,426.5,1275,2.9827732879625692,11,true
ayangweb/bongocat,9305,1033.9,3084,2.9800300622718487,9,false
charmbracelet/crush,8596,1719.2,5124,2.978723404255319,5,false
fareedkhan-dev/all-rag-techniques,4307,861.4,2566,2.975417439703154,5,false
davidkimai/context-engineering,4433,738.8,2195,2.9668844334309528,6,false
mikeroyal/self-hosting-guide,4037,367.0,1091,2.964673913043478,11,false
reflex-dev/reflex,4480,407.3,1210,2.963705188154086,11,false
capsoftware/cap,6195,563.2,1672,2.963583628746375,11,false
stackblitz/bolt.new,4411,401.0,1191,2.962686567164179,11,false
elder-plinius/cl4r1t4s,7924,880.4,2609,2.9599142821126936,9,false
metabase/metabase,4321,392.8,1161,2.948060941828255,11,false
xiaoyaocz/dart_simple_live,5046,458.7,1354,2.9452244413684,11,false
agno-agi/agno,13262,1205.6,3553,2.9445490846078504,11,false
browser-use/browser-use,56318,5119.8,15058,2.940545722452023,11,false
the-cool-coders/project-ideas-and-resources,5530,502.7,1477,2.9321422125970042,11,false
bytebytegohq/system-design-101,8600,781.8,2295,2.931715247938683,11,false
n8n-io/self-hosted-ai-starter-kit,6469,588.1,1726,2.929938271604938,11,false
iib0011/omni-tools,4911,446.5,1309,2.925436814303129,11,false
maboloshi/github-chinese,8804,800.4,2344,2.9250141803743617,11,false
czlonkowski/n8n-mcp,5510,918.3,2676,2.9108049311094994,6,false
danielmiessler/fabric,6857,623.4,1814,2.9053581828771113,11,false
patrickjs/awesome-cursorrules,25324,2302.2,6684,2.9020722320899943,11,false
juspay/hyperswitch,17484,1589.5,4614,2.901057444984281,11,false
qwenlm/qwen-agent,5942,540.2,1567,2.895514866453889,11,false
langgenius/dify,52721,4792.8,13852,2.889554729575969,11,false
easychen/one-person-businesses-methodology-v2.0,5733,521.2,1506,2.8840529247910864,11,false
keploy/keploy,6860,623.6,1800,2.881676611846893,11,false
binwiederhier/ntfy,6124,556.7,1606,2.8795436022819887,11,false
cline/cline,30344,2758.5,7942,2.878010212485587,11,false
heyputer/puter,7967,724.3,2083,2.8720230634244173,11,false
bregman-arie/devops-exercises,11184,1016.7,2920,2.8691380080393034,11,false
bytedance/ui-tars,6756,614.2,1762,2.8641938820747748,11,false
f/awesome-chatgpt-prompts,18839,1712.6,4901,2.86,11,false
karminski/one-small-step,4496,408.7,1171,2.8579986687375194,11,false
aykutsarac/jsoncrack.com,6081,552.8,1579,2.8511162179908074,11,false
motiadev/motia,6775,677.5,1932,2.847457627118644,10,false
patchy631/ai-engineering-hub,14200,1290.9,3672,2.84230525649145,11,false
upscayl/upscayl,6631,602.8,1715,2.840258958145137,11,false
qwenlm/qwen,4119,374.5,1066,2.839225181598063,11,true
xinnan-tech/xiaozhi-esp32-server,5926,592.6,1685,2.838611859838275,10,false
midday-ai/midday,4325,393.2,1118,2.836254612546125,11,false
microsoft/qlib,11863,1078.5,3061,2.8356914266464543,11,false
jingyaogong/minimind,23428,2129.8,6042,2.8355305260463326,11,false
umami-software/umami,6725,611.4,1732,2.8283847980997625,11,false
lobehub/lobe-chat,16234,1475.8,4177,2.8283779624499847,11,false
idosal/git-mcp,4804,600.5,1700,2.826267664172901,8,false
nextcloud/server,4060,369.1,1044,2.820928518791452,11,false
svcvit/awesome-dify-workflow,6342,576.5,1624,2.811899889815835,11,false
microsoft/ml-for-beginners,6698,608.9,1713,2.8086152928901478,11,false
byaidu/pdfmathtranslate,14393,1308.5,3662,2.796584282143849,11,false
activepieces/activepieces,6667,606.1,1696,2.7936507936507935,11,false
sgl-project/sglang,10393,944.8,2627,2.777489427143406,11,false
algerkong/algermusicplayer,9034,821.3,2280,2.7728026533996686,11,false
toeverything/affine,11712,1064.7,2954,2.7718160880320735,11,false
humanlayer/12-factor-agents,10446,1305.8,3621,2.7709967476563993,8,false
santinic/audiblez,4504,409.5,1134,2.7627906976744185,11,false
nektos/act,8511,773.7,2140,2.7622623797230696,11,false
fish-shell/fish-shell,3965,360.5,997,2.7582997987927564,11,false
unionlabs/union,79609,7237.2,19942,2.7551117809595578,11,false
hannibal046/awesome-llm,4751,431.9,1192,2.753464930701386,11,false
chaitin/pandawiki,4595,656.4,1809,2.7516297262059974,7,false
the-pocket/pocketflow,6392,639.2,1759,2.7475788815995,10,false
hoppscotch/hoppscotch,8554,777.6,2133,2.7394045534150613,11,false
thinkinaixyz/deepchat,3900,390.0,1068,2.731457800511509,10,false
karpathy/llm101n,4025,365.9,999,2.7227452923686815,11,false
tencent/hunyuan3d-2,9053,1810.6,4919,2.7152793111062046,5,false
th-ch/youtube-music,15032,1670.2,4531,2.7111894155973673,9,false
cmliu/cf-workers-sub,4018,365.3,991,2.7056341523951355,11,false
ag-ui-protocol/ag-ui,5994,856.3,2318,2.7038826862189635,7,false
bmadcode/bmad-method,5065,1013.0,2739,2.701183431952663,5,false
block/goose,16886,1535.1,4141,2.695803988873765,11,false
naibowang/easyspider,5089,462.6,1248,2.691764705882353,11,false
structuredlabs/preswald,4210,382.7,1032,2.6894100923951667,11,false
huggingface/trl,4549,413.5,1113,2.6848684210526317,11,true
hkuds/lightrag,9603,873.0,2342,2.679633867276888,11,false
github/spec-kit,23890,5972.5,15800,2.6450154850590106,4,false
eythaann/seelen-ui,6530,593.6,1566,2.63354227182388,11,false
sonnylazuardi/cursor-talk-to-figma-mcp,4194,699.0,1841,2.63,6,false
gorhill/ublock,8773,797.5,2100,2.6297814207650276,11,false
ripienaar/free-for-dev,16470,1497.3,3934,2.625690188702142,11,false
ffmpeg/asm-lessons,8132,739.3,1942,2.6233574849564043,11,false
yangshun/tech-interview-handbook,10830,984.5,2574,2.6117516834240386,11,false
xiaye13579/bbll,3825,347.7,909,2.6066214807090717,11,false
arindam200/awesome-ai-apps,4153,593.3,1544,2.5980769230769227,7,false
awesome-foss/awesome-sysadmin,4415,401.4,1044,2.59466787166742,11,false
alibaba-nlp/deepresearch,5766,1922.0,4970,2.5845033801352053,3,false
nvbn/thefuck,5637,512.5,1327,2.584454674220963,11,false
ventoy/ventoy,6760,614.5,1590,2.5830748781568453,11,false
gedoor/legado,8284,753.1,1940,2.5726341169379143,11,false
exelban/stats,6199,563.5,1446,2.5613526570048313,11,false
microsoft/nlweb,4145,1381.7,3541,2.5609932497589196,3,false
microsoft/vibevoice,5572,1393.0,3560,2.5538020086083213,4,false
chartdb/chartdb,6912,628.4,1597,2.5374837498194425,11,false
gin-gonic/gin,5803,527.5,1337,2.5295837633298937,11,false
1panel-dev/maxkb,5721,520.1,1318,2.529309141660851,11,false
aishwaryanr/awesome-generative-ai-guide,7384,671.3,1700,2.528735632183908,11,false
fastrepl/hyprnote,4620,577.5,1460,2.5237683664649957,8,false
alistgo/alist,6002,545.6,1377,2.519042075503077,11,false
opencode-ai/opencode,7447,930.9,2347,2.518578135479544,8,false
fish2018/pansou,5075,1015.0,2556,2.515748031496063,5,false
elder-plinius/l1b3rt4s,7610,691.8,1740,2.5114814328828237,11,false
datawhalechina/self-llm,10823,983.9,2471,2.5088609931696513,11,false
gokumohandas/made-with-ml,4133,375.7,944,2.5057915057915054,11,false
codecrafters-io/build-your-own-x,95857,8714.3,21835,2.505371969791797,11,false
wg-easy/wg-easy,4852,441.1,1107,2.5040098704503393,11,false
jesseduffield/lazydocker,6233,566.6,1421,2.5033632286995515,11,false
asgeirtj/system_prompts_leaks,14565,2080.7,5209,2.5022646170738403,7,false
all-hands-ai/openhands,20783,2078.3,5198,2.499879767229356,10,false
ossu/computer-science,17624,1602.2,3999,2.494414516586334,11,false
langchain-ai/open_deep_research,6214,621.4,1551,2.4919665809768636,10,false
jnsahaj/tweakcn,5551,616.8,1537,2.4879496402877694,9,false
localstack/localstack,4323,393.0,977,2.479695431472081,11,false
calcom/cal.com,4872,442.9,1100,2.477984845381937,11,false
lc044/wechatmsg,4508,409.8,1014,2.4682451869882716,11,false
manimcommunity/manim,5837,530.6,1311,2.4659712722298224,11,false
usememos/memos,8367,760.6,1877,2.4644306517068513,11,false
tldraw/tldraw,4310,391.8,968,2.4642443878731775,11,false
werwolv/imhex,4431,402.8,991,2.4540747411076094,11,false
modelcontextprotocol/inspector,5075,461.4,1133,2.450452221785293,11,false
codexu/note-gen,6709,609.9,1496,2.448809523809524,11,false
strapi/strapi,4999,454.5,1113,2.4437125748502995,11,false
openrlhf/openrlhf,4053,368.5,901,2.43873031496063,11,false
gitleaks/gitleaks,3884,353.1,859,2.425930680359435,11,false
anthropics/claude-code,26312,2631.2,6376,2.422308335232885,10,false
massgravel/microsoft-activation-scripts,37213,3383.0,8193,2.4210992907801416,11,false
openbb-finance/openbb,14229,1293.5,3124,2.4132022471910113,11,false
black-forest-labs/flux,4682,425.6,1029,2.4118900490091626,11,false
caddyserver/caddy,7072,642.9,1552,2.410278130735564,11,false
unopim/unopim,4735,430.5,1038,2.4058154235145386,11,false
microsoft/ai-agents-for-beginners,33041,3304.1,7933,2.4002299476566518,10,false
d2l-ai/d2l-zh,7442,676.5,1623,2.3954112437944453,11,false
tianxingchen/embodied-ai-guide,6092,553.8,1329,2.3953793216450925,11,false
hyprwm/hyprland,7378,670.7,1607,2.392339964812559,11,false
babalae/better-genshin-impact,4523,411.2,984,2.3872959858844287,11,false
scrapegraphai/scrapegraph-ai,4127,375.2,896,2.3818269695505077,11,false
alibaba/spring-ai-alibaba,4709,428.1,1022,2.3817796610169495,11,false
ryoppippi/ccusage,5173,739.0,1759,2.377027027027027,7,false
huggingface/lerobot,8448,768.0,1826,2.3745123537061117,11,false
copilotkit/copilotkit,8239,749.0,1779,2.372,11,false
resemble-ai/chatterbox,8494,1213.4,2871,2.364074814727679,7,false
sherlock-project/sherlock,7151,650.1,1539,2.3637252164199944,11,false
karakeep-app/karakeep,4416,552.0,1307,2.363471971066908,8,false
colinhacks/zod,4942,449.3,1063,2.360791439531597,11,false
bluewave-labs/checkmate,4178,379.8,899,2.360706612556696,11,false
significant-gravitas/autogpt,10102,918.4,2169,2.3592405814298427,11,false
pocketbase/pocketbase,8066,733.3,1723,2.346539556766126,11,false
hoarder-app/hoarder,4663,1165.8,2732,2.341547032354832,4,false
kamranahmedse/developer-roadmap,33018,3001.6,7009,2.3342819946107967,11,false
continuedev/continue,7841,712.8,1666,2.3339276617422313,11,false
stan-smith/fossflow,6426,1285.2,2999,2.331674700668636,5,false
kijai/comfyui-wanvideowrapper,3880,388.0,906,2.329048843187661,10,false
freecodecamp/freecodecamp,21245,1931.4,4485,2.3209917199849457,11,false
github/awesome-copilot,6509,1084.8,2519,2.3198772064466615,6,false
zumerlab/snapdom,4139,517.4,1199,2.312997347480106,8,false
t8rin/imagetoolbox,4422,402.0,932,2.3126550868486353,11,false
bytedance/dolphin,4564,652.0,1507,2.30781010719755,7,false
sxyazi/yazi,8080,734.5,1694,2.303052774687925,11,false
public-apis/public-apis,43512,3955.6,9100,2.299933368563748,11,false
librespark/libretv,7663,957.9,2204,2.2985269195672013,8,false
rssnext/folo,8483,942.6,2168,2.2976919453603393,9,false
foundationagents/openmanus,4122,515.3,1183,2.2915254237288134,8,false
max-eee/neopass,15777,1434.3,3285,2.2887636179376742,11,false
magicuidesign/magicui,5561,505.5,1158,2.286073223259153,11,false
ziglang/zig,5571,506.5,1160,2.285919025438911,11,false
microsoft/web-dev-for-beginners,8428,766.2,1752,2.2836829008176327,11,false
nationalsecurityagency/ghidra,7436,676.0,1545,2.2821270310192023,11,false
mlabonne/llm-course,20388,1853.5,4232,2.2820726506201283,11,false
tibixdev/winboat,5705,1141.0,2605,2.2810858143607704,5,false
emmabostian/developer-portfolios,8543,776.6,1773,2.279985971475333,11,false
uvdesk/community-skeleton,4670,424.5,970,2.2794274727622303,11,false
handsonllm/hands-on-large-language-models,10478,952.5,2167,2.2725712651349035,11,false
automaapp/automa,5754,523.1,1188,2.2667823070251516,11,false
tw93/pake,7686,698.7,1584,2.263739119137326,11,false
outline/outline,5211,473.7,1072,2.2581386441976252,11,false
doocs/md,3970,360.9,817,2.2574729967344886,11,false
moghtech/komodo,4569,456.9,1030,2.249399432190435,10,false
appflowy-io/appflowy,6759,614.5,1384,2.2487444608567206,11,false
valkey-io/valkey,4318,392.5,884,2.2462462462462462,11,false
slidevjs/slidev,5760,523.6,1178,2.2453647548085254,11,false
louislam/dockge,5229,475.4,1068,2.2419847328244273,11,false
openai/agents.md,4308,1077.0,2412,2.2374768089053805,4,false
bagisto/opensource-ecommerce-mobile-app,4718,428.9,961,2.2353563121167266,11,false
wshobson/agents,10054,2010.8,4491,2.2323292573814495,5,false
oraios/serena,9355,1169.4,2607,2.227491188721564,8,false
itzcrazykns/perplexica,7032,639.3,1421,2.2193667471248046,11,false
iptv-org/iptv,11025,1002.3,2226,2.2187386734324033,11,false
kodezi/chronos,4513,902.6,1998,2.2111553784860556,5,false
zed-industries/zed,14624,1329.5,2932,2.20375811411001,11,false
swivid/f5-tts,4288,389.8,859,2.1979530123284485,11,false
hsliuping/tradingagents-cn,6810,1135.0,2496,2.1971830985915495,6,false
contains-studio/agents,5789,1157.8,2542,2.1936486020020713,5,false
sillytavern/sillytavern,8304,754.9,1658,2.1933854479855683,11,false
qwenlm/qwen-code,8824,1764.8,3842,2.17578434703817,5,false
beehiveinnovations/zen-mcp-server,4852,808.7,1758,2.171263894606834,6,false
wavetermdev/waveterm,4069,369.9,802,2.162254901960784,11,false
geekan/metagpt,9738,2434.5,5260,2.1597207965510163,4,true
78/xiaozhi-esp32,15936,1448.7,3128,2.157647206371104,11,false
yikart/aitoearn,4244,424.4,915,2.150916784203103,10,false
microsoft/mcp-for-beginners,7581,1083.0,2320,2.140221402214022,7,false
readest/readest,9991,908.3,1946,2.1401719656068785,11,false
ufund-me/qbot,4909,446.3,957,2.1396341463414634,11,false
aquasecurity/trivy,4236,385.1,826,2.1393925123616673,11,false
3b1b/manim,7107,646.1,1384,2.1388030345602695,11,false
kodu-ai/claude-coder,4521,411.0,881,2.1383495145631066,11,false
aureuserp/aureuserp,5317,483.4,1034,2.13475975975976,11,false
hkuds/deepcode,5537,1107.4,2365,2.1337062432334895,5,false
paddlepaddle/paddleocr,11799,1072.6,2289,2.132006773920406,11,false
hangwin/mcp-chrome,5372,895.3,1907,2.12755671253254,6,false
basecamp/omarchy,8798,1466.3,3117,2.124261699227624,6,false
game1024/openspeedy,6116,873.7,1857,2.1229789318961294,7,false
jd-opensource/joyagent-jdgenie,6326,1265.2,2681,2.117359027009951,5,false
yetone/avante.nvim,7017,637.9,1350,2.1129766647694934,11,false
letta-ai/letta,4398,399.8,846,2.1106826944885464,11,false
pkuflyingpig/cs-self-learning,8052,732.0,1546,2.1091405184174623,11,false
techarohq/anubis,10587,1176.3,2483,2.109003397508494,9,false
tldr-pages/tldr,5834,530.4,1116,2.100256629597947,11,false
shiyu-coder/kronos,4793,958.6,2013,2.0977490621092123,5,false
digitalplatdev/freedomain,61454,5586.7,11713,2.0962010900512484,11,false
zhongyang219/trafficmonitor,5133,466.6,973,2.0806765163297047,11,false
confident-ai/deepeval,5481,498.3,1038,2.079024034959942,11,false
better-auth/better-auth,12903,1173.0,2440,2.078364565587734,11,false
ruvnet/claude-flow,4849,969.8,2017,2.0776679027606098,5,false
nvim-lua/kickstart.nvim,6302,572.9,1191,2.0752415650245526,11,false
mcp-use/mcp-use,4460,557.5,1159,2.075201432408236,8,false
enescingoz/awesome-n8n-templates,9697,1385.3,2873,2.072444352844188,7,false
astrbotdevs/astrbot,5181,575.7,1191,2.0653179190751447,9,false
coder/code-server,4965,451.4,933,2.0625,11,false
krayin/laravel-crm,5589,508.1,1047,2.056607142857143,11,false
funaudiollm/cosyvoice,6637,603.4,1242,2.0550541516245486,11,false
wan-video/wan2.2,6204,1240.8,2550,2.0534707682396522,5,false
modelscope/funasr,4463,405.7,832,2.0455967814036655,11,false
davidhdev/react-bits,21201,1927.4,3937,2.04162738072789,11,false
nocodb/nocodb,6590,599.1,1221,2.034691713376761,11,false
home-assistant/core,6554,595.8,1214,2.0341203351104338,11,false
swisskyrepo/payloadsallthethings,7205,655.0,1330,2.027439024390244,11,false
volcengine/verl,11741,1067.4,2165,2.0264635806671207,11,false
pydantic/pydantic-ai,6873,624.8,1265,2.0213538640325392,11,false
davila7/claude-code-templates,5452,1090.4,2205,2.020340846619021,5,false
shubhamsaboo/awesome-llm-apps,47740,4340.0,8768,2.0198111034323887,11,false
comet-ml/opik,8634,784.9,1586,2.0180451127819548,11,false
juanfont/headscale,6315,574.1,1159,2.015333544103699,11,false
open-ani/animeko,7558,687.1,1386,2.014268727705113,11,false
vnpy/vnpy,5752,522.9,1055,2.0137081381225057,11,false
microsoft/generative-ai-for-beginners,27967,2542.5,5111,2.0094717277861176,11,false
putyy/res-downloader,5484,498.5,1003,2.007825295723385,11,false
aider-ai/aider,11908,1082.5,2173,2.0054534776407418,11,false
bagisto/bagisto,5616,510.5,1023,1.9998222854096321,11,false
chroma-core/chroma,6269,569.9,1141,1.998566878980892,11,true
humansignal/label-studio,3998,363.5,724,1.9865303068096782,11,false
nvm-sh/nvm,6656,605.1,1204,1.9865006749662515,11,false
dongyubin/dockerhub,3980,361.8,720,1.9844650463542972,11,false
2noise/chattts,4276,388.7,773,1.9834383018427804,11,false
streamlit/streamlit,4696,426.9,848,1.9817293392819204,11,false
mendableai/firecrawl,22975,2871.9,5688,1.979898185615455,8,false
stirling-tools/stirling-pdf,17260,1569.1,3108,1.9795032134792427,11,false
vikparuchuri/marker,6249,1041.5,2062,1.977937649880096,6,false
traefik/traefik,5414,492.2,975,1.976958525345622,11,false
nirdiamant/rag_techniques,9784,889.5,1759,1.9753956100051047,11,false
automatic1111/stable-diffusion-webui,12149,1104.5,2177,1.9693256578947367,11,true
karpathy/nanogpt,7277,661.5,1302,1.9651481888035127,11,false
alvin9999/new-pac,11575,1052.3,2069,1.9643535301225616,11,false
usebruno/bruno,7560,687.3,1352,1.9643376040153218,11,false
dioxuslabs/dioxus,6313,573.9,1129,1.9637887413029729,11,false
openai/openai-cookbook,6484,589.5,1155,1.9561200923787527,11,false
ashishpatel26/500-ai-machine-learning-deep-learning-computer-vision-nlp-projects-with-code,5489,499.0,978,1.956,11,false
ebookfoundation/free-programming-books,25308,2300.7,4501,1.9554879734586676,11,false
marimo-team/marimo,6474,588.5,1152,1.9540478026214343,11,false
weifeng2333/videocaptioner,6853,623.0,1219,1.953525641025641,11,false
microsoft/vscode,12260,1114.5,2178,1.9524081166979057,11,false
evil0ctal/douyin_tiktok_download_api,3959,359.9,704,1.9506297229219143,11,false
abiosoft/colima,4018,365.3,713,1.9466368826011418,11,false
milvus-io/milvus,6369,579.0,1129,1.946551724137931,11,false
666ghj/bettafish,11857,5928.5,11540,1.9462011974028164,2,false
conductor-oss/conductor,11476,1043.3,2032,1.9458518325063114,11,false
n8n-io/n8n,75309,6846.3,13322,1.9455921402018057,11,false
searxng/searxng,6367,578.8,1127,1.9437127626215114,11,false
cloudwego/eino,6041,549.2,1069,1.9429940515532058,11,false
zen-browser/desktop,14201,1291.0,2508,1.9411764705882353,11,false
commaai/openpilot,5754,523.1,1016,1.9385949696444058,11,false
bitcoin/bitcoin,5321,483.7,939,1.937171792948237,11,false
rvc-boss/gpt-sovits,12231,1111.9,2147,1.929178238849861,11,false
guijiai/heygem.ai,7419,2473.0,4756,1.9223928860145514,3,false
trimstray/the-book-of-secret-knowledge,32365,2942.3,5653,1.9206510995799355,11,false
hiroi-sora/umi-ocr,8832,802.9,1544,1.9206151758453014,11,false
alienator88/pearcleaner,4046,367.8,708,1.9196450579245747,11,false
amir1376/ab-download-manager,4493,408.5,786,1.9196269982238012,11,false
youngyangyang04/leetcode-master,5206,473.3,909,1.9166187464059805,11,false
run-llama/llama_index,6168,560.7,1076,1.9155203107298915,11,true
astral-sh/uv,29838,2712.5,5193,1.913732453348521,11,false
brunodev85/winlator,4468,406.2,779,1.9131502567537397,11,false
filosottile/mkcert,4264,387.6,742,1.9092397660818714,11,false
fastapi/full-stack-fastapi-template,7865,715.0,1364,1.905027932960894,11,false
duckdb/duckdb,6609,600.8,1146,1.9042296072507552,11,false
wdndev/llm_interview_note,4828,438.9,837,1.9026658400495968,11,false
syncthing/syncthing,8355,759.5,1447,1.9025818790341862,11,false
crewaiinc/crewai,13079,1189.0,2264,1.9025210084033612,11,true
bin-huang/chatbox,8832,2944.0,5596,1.900169779286927,3,false
typst/typst,8584,780.4,1476,1.8890052356020943,11,false
icewhaletech/casaos,3883,353.0,666,1.88135593220339,11,false
neovim/neovim,8959,814.5,1532,1.8787068004459309,11,false
practical-tutorials/project-based-learning,33070,3006.4,5644,1.8767268220428643,11,false
meilisearch/meilisearch,4872,442.9,833,1.876510342002867,11,false
textualize/textual,4392,399.3,750,1.8737224619577562,11,false
firecrawl/open-lovable,3993,998.3,1872,1.8734050537903428,4,false
containers/podman,4206,382.4,716,1.8676784443917476,11,false
ml-explore/mlx,3857,350.6,656,1.8655635987590486,11,true
hkuds/rag-anything,5456,909.3,1696,1.8630538264372025,6,false
helix-editor/helix,5614,510.4,952,1.861688888888889,11,false
fishaudio/fish-speech,4923,447.5,834,1.8593433319821646,11,false
accumulatemore/cv,5971,542.8,1011,1.859077231695085,11,false
jingmatrix/lsposed,3916,356.0,663,1.8571428571428572,11,false
cyclotruc/gitingest,6021,860.1,1594,1.8510285335102854,7,false
coollabsio/coolify,9057,823.4,1525,1.849911777679753,11,false
vllm-project/vllm,22697,2063.4,3818,1.8494803593447242,11,true
linshenkx/prompt-optimizer,11736,1173.6,2172,1.8491401328111698,10,false
ashishps1/awesome-leetcode-resources,5844,531.3,982,1.8449188727583263,11,false
superclaude-org/superclaude_framework,5484,1096.8,2025,1.8445982874840592,5,false
blakeblackshear/frigate,5046,458.7,848,1.8445718805615976,11,false
xifangczy/cat-catch,4524,411.3,760,1.8434399117971334,11,false
gradio-app/gradio,4845,440.5,812,1.8393739703459637,11,false
ultralytics/yolov5,3932,357.5,659,1.8384478823231043,11,false
dbeaver/dbeaver,4662,423.8,780,1.8360796062486626,11,false
files-community/files,4140,376.4,692,1.8337749939773549,11,false
actualbudget/actual,5091,462.8,850,1.8326146609172873,11,false
mrdoob/three.js,5187,471.5,865,1.830511735282801,11,false
freecad/freecad,3911,355.5,652,1.828658847526772,11,false
payloadcms/payload,6609,600.8,1099,1.826132930513595,11,false
microsoft/graphrag,6292,572.0,1045,1.8237347294938917,11,false
krishnadey30/leetcode-questions-companywise,4948,449.8,822,1.82335148215366,11,false
hiyouga/llama-factory,19274,1752.2,3195,1.8224008296603578,11,true
aapanel/billionmail,6382,911.7,1661,1.8198466113632807,7,false
predidit/kazumi,8918,810.7,1477,1.8195766603203045,11,false
microsoft/autogen,12056,1096.0,1993,1.8167730173199634,11,true
ashishps1/awesome-low-level-design,7409,673.5,1225,1.8160377358490567,11,false
cmliu/edgetunnel,5620,510.9,929,1.8147753507369915,11,false
sindresorhus/awesome-nodejs,3838,348.9,635,1.8147570797609767,11,false
liquidslr/leetcode-company-wise-problems,5952,541.1,983,1.8133489854100284,11,false
hcengineering/platform,4626,420.5,764,1.812378693120552,11,false
eugeny/tabby,5543,503.9,912,1.806265754411235,11,false
posthog/posthog,5550,504.5,911,1.8020140262542708,11,false
microsoft/terminal,4583,416.6,751,1.7982150631258162,11,false
gethomepage/homepage,4737,430.6,775,1.7954928390901432,11,false
chromedevtools/chrome-devtools-mcp,7309,2436.3,4371,1.7933533916849014,3,false
tailwindlabs/tailwindcss,6303,573.0,1029,1.7926829268292683,11,false
christitustech/winutil,12709,1155.4,2071,1.7909591194968555,11,false
dao-ailab/flash-attention,4228,384.4,690,1.7905166312809624,11,true
sst/opencode,18838,2691.1,4815,1.7885380737596177,7,false
fighting41love/funnlp,6333,575.7,1029,1.7842055485498107,11,false
thealgorithms/python,13337,1212.5,2162,1.7816901408450703,11,false
deepseek-ai/deepseek-ocr,8029,4014.5,7153,1.7813472792927407,2,false
immich-app/immich,20431,1857.4,3306,1.7789844437921927,11,false
lukasz-madon/awesome-remote-job,4047,367.9,656,1.7782158698866435,11,false
yalter/niri,7097,645.2,1148,1.7765897580191334,11,false
huggingface/transformers,13095,1190.5,2109,1.7701052952846024,11,true
dgtlmoon/changedetection.io,5758,523.5,926,1.7656439590916968,11,false
oven-sh/bun,5787,526.1,929,1.762504311831666,11,false
qwenlm/qwen2.5,5381,1345.3,2371,1.761188486536676,4,false
lllyasviel/fooocus,4339,394.5,696,1.76,11,false
getify/you-dont-know-js,3848,349.8,617,1.7587457890645246,11,false
tensorflow/tensorflow,5921,538.3,947,1.7560687795010115,11,true
honojs/hono,4797,436.1,766,1.752495840266223,11,false
rustdesk/rustdesk,18453,1677.5,2941,1.752112218370884,11,false
flowseal/zapret-discord-youtube,7277,661.5,1160,1.7508232711306257,11,false
rust-lang/rustlings,4823,438.5,769,1.7498965659908978,11,false
mermaid-js/mermaid,8592,781.1,1366,1.7466000232477041,11,false
modelscope/ms-swift,4553,413.9,724,1.744960560911481,11,false
langchain-ai/ollama-deep-researcher,5034,1678.0,2926,1.7427039904705182,3,false
oursources/worldofpixels-server,4990,1663.3,2899,1.741838574003605,3,false
gohugoio/hugo,6806,618.7,1079,1.7410884553322574,11,false
stanfordnlp/dspy,6825,620.5,1082,1.741076653013458,11,false
m-bain/whisperx,4237,385.2,672,1.7401129943502824,11,false
denoland/deno,4421,401.9,701,1.7398465703971118,11,false
yunaiv/ruoyi-vue-pro,4625,420.5,732,1.736842105263158,11,false
rasbt/llms-from-scratch,29316,2665.1,4628,1.7358747911480887,11,false
astral-sh/ruff,7589,689.9,1199,1.7353947368421054,11,false
odoo/odoo,5943,540.3,938,1.732952636882768,11,false
karpathy/nanochat,9482,4741.0,8201,1.7294390552509489,2,false
google/a2a,14493,7246.5,12530,1.7288720248361504,2,false
hyde-project/hyde,5329,484.5,838,1.7262172284644195,11,false
docling-project/docling,13596,1510.7,2608,1.7252480705622932,9,false
liguodongiot/llm-action,7600,690.9,1191,1.7213243988963343,11,false
bggrgjqaubcoe/piliplus,4629,420.8,725,1.71875,11,false
opendatalab/mineru,19014,1728.5,2969,1.716636005256242,11,false
flutter/flutter,6694,608.5,1043,1.7111111111111112,11,false
qarmin/czkawka,4529,411.7,706,1.7105726872246696,11,false
microsoft/playwright,8621,783.7,1337,1.7037766450417053,11,false
fosrl/pangolin,12269,1115.4,1900,1.701954397394137,11,false
community-scripts/proxmoxve,11653,1059.4,1801,1.698473936899863,11,false
atuinsh/atuin,3943,358.5,610,1.6970156803237229,11,false
jgraph/drawio-desktop,5014,455.8,775,1.6965174129353233,11,false
comfyanonymous/comfyui,24676,2243.3,3805,1.6954267428201075,11,true
coqui-ai/tts,5880,534.5,907,1.6936004074011204,11,true
langchain-ai/langchain,18480,1680.0,2839,1.6888756692444973,11,true
excalidraw/excalidraw,17632,1602.9,2706,1.6871280394490733,11,false
linkwarden/linkwarden,4524,411.3,695,1.6857772877618524,11,false
mhsanaei/3x-ui,7996,726.9,1227,1.6856500562008243,11,false
pmndrs/zustand,5479,498.1,840,1.6830601092896176,11,false
danny-avila/librechat,8829,802.6,1352,1.6823529411764706,11,false
aristocratos/btop,4970,451.8,759,1.6761694438867698,11,false
jackfrued/python-100-days,13444,1222.2,2050,1.6759568933481976,11,false
binhnguyennus/awesome-scalability,5191,471.9,791,1.672625913110342,11,false
trekhleb/javascript-algorithms,5272,479.3,803,1.6719666855953057,11,false
opencv/opencv,4532,412.0,690,1.6707021791767553,11,false
soulter/astrbot,5708,1902.7,3180,1.6704605147960077,3,false
ggml-org/llama.cpp,12468,1246.8,2084,1.6701394454239462,10,false
coreybutler/nvm-windows,4179,379.9,635,1.6670644391408114,11,false
e2b-dev/awesome-ai-agents,8783,798.5,1332,1.6661360018194222,11,false
upstash/context7,23393,2599.2,4329,1.6648577044697035,9,false
biomejs/biome,4674,424.9,708,1.662326574172892,11,false
zbezj/heu_kms_activator,5545,504.1,838,1.6591072714182866,11,false
lazyvim/lazyvim,4293,390.3,649,1.658689591078067,11,false
rvc-project/retrieval-based-voice-conversion-webui,5912,537.5,893,1.6584501097416848,11,false
qbittorrent/qbittorrent,4038,367.1,609,1.654482588293406,11,false
pola-rs/polars,4076,370.5,614,1.6525568876926842,11,false
logseq/logseq,4571,415.5,688,1.6516804888694891,11,false
zie619/n8n-workflows,24362,3480.3,5743,1.6496778694242686,7,false
sharkdp/bat,4184,380.4,629,1.6493444576877234,11,false
llvm/llvm-project,4651,422.8,699,1.6492921492921493,11,false
firstcontributions/first-contributions,4674,424.9,702,1.648239060832444,11,false
filamentphp/filament,6078,552.5,912,1.647561175890951,11,false
classicoldsong/apollo,4189,380.8,629,1.6473809523809524,11,false
microsoft/powertoys,10898,990.7,1632,1.645613713447612,11,false
electron/electron,4341,394.6,648,1.6378676470588236,11,false
grafana/grafana,4281,389.2,639,1.6376980428704566,11,false
frappe/erpnext,5607,509.7,836,1.6368814524741901,11,false
langflow-ai/langflow,64474,5861.3,9595,1.636737225711406,11,false
tanstack/query,3870,351.8,576,1.632568925534656,11,false
directus/directus,3965,360.5,590,1.6322937625754528,11,false
raysan5/raylib,4289,389.9,638,1.6320930232558137,11,false
nestjs/nest,4485,407.7,665,1.6270017793594305,11,false
ray-project/ray,4128,375.3,611,1.6238221792703553,11,true
facebookresearch/faiss,4532,412.0,670,1.6222760290556901,11,true
tesseract-ocr/tesseract,5964,542.2,879,1.618242677824268,11,false
gkd-kit/gkd,7488,680.7,1101,1.6150153353780503,11,false
ashishps1/awesome-system-design-resources,6417,583.4,943,1.61372121966397,11,false
sindresorhus/awesome,59186,5380.5,8683,1.6134770343091709,11,false
facefusion/facefusion,4033,366.6,593,1.6130069238377844,11,false
clash-verge-rev/clash-verge-rev,29120,2647.3,4269,1.6119940956369503,11,false
ccxt/ccxt,4613,419.4,677,1.6105103806228374,11,false
rclone/rclone,4402,400.2,646,1.6102424654430092,11,false
facebook/docusaurus,4372,397.5,641,1.6087154916723705,11,false
roocodeinc/roo-code,4055,579.3,933,1.607828655834564,7,false
laurent22/joplin,4528,411.6,663,1.606741573033708,11,false
labmlai/annotated_deep_learning_paper_implementations,5679,516.3,831,1.6065026362038666,11,false
vercel/next.js,7700,700.0,1126,1.6062767475035664,11,false
anthropics/skills,7716,3858.0,6191,1.604301632547292,2,false
golang/go,6026,547.8,879,1.6016233228424712,11,false
saadeghi/daisyui,4021,365.5,587,1.601438492063492,11,false
dopplerhq/awesome-interview-questions,5279,479.9,770,1.6011342155009451,11,false
jgm/pandoc,3865,351.4,564,1.6006191950464397,11,false
donnemartin/system-design-primer,33469,3042.6,4871,1.6003882915173238,11,false
apache/superset,4522,411.1,659,1.599161703066402,11,false
minio/minio,6631,602.8,964,1.5965070761818727,11,false
z-siqi/clash-for-windows_chinese,4206,382.4,612,1.596395541854399,11,false
systran/faster-whisper,4391,399.2,638,1.5942753293957292,11,false
facebook/react,10354,941.3,1502,1.59401833092137,11,false
barry-ran/qtscrcpy,4102,372.9,596,1.5939703379528323,11,false
mruniquehacker/knightbot-md,4197,381.5,608,1.5893536121673004,11,false
mouredev/hello-python,4559,414.5,660,1.588621444201313,11,false
snailclimb/javaguide,4900,445.5,709,1.588067603339442,11,false
openai/whisper,13588,1235.3,1963,1.5878373409809545,11,true
rust-lang/rust,7420,674.5,1071,1.585385547032701,11,false
marticliment/unigetui,4071,370.1,586,1.579127878490936,11,false
firecrawl/firecrawl,9849,2462.3,3889,1.5788084847254644,4,false
prometheus/prometheus,3972,361.1,570,1.5741903088124531,11,false
facebook/react-native,4651,422.8,667,1.5737880737880738,11,false
ocornut/imgui,6141,558.3,879,1.5716840052015606,11,false
shadcn-ui/ui,16852,1532.0,2407,1.5701239399869538,11,false
kubernetes/kubernetes,5948,540.7,850,1.5690552106058062,11,false
karanpratapsingh/system-design,3979,361.7,568,1.5659147869674184,11,false
tauri-apps/tauri,9167,833.4,1304,1.5628677271736762,11,false
vitejs/vite,5782,525.6,823,1.5627481443121007,11,false
eza-community/eza,3863,351.2,550,1.56169334021683,11,false
fastapi/fastapi,10425,947.7,1481,1.5610387121502491,11,false
get-convex/convex-backend,4304,391.3,612,1.5601390498261878,11,false
ytdl-org/youtube-dl,5313,483.0,754,1.5578512396694215,11,false
supabase/supabase,13181,1198.3,1867,1.5567768344451183,11,false
end-4/dots-hyprland,4252,386.5,603,1.5559465165376494,11,false
ultralytics/ultralytics,10865,987.7,1537,1.5545237219566017,11,true
nikitabobko/aerospace,5678,516.2,803,1.5526454561434349,11,false
birobirobiro/awesome-shadcn-ui,5773,524.8,816,1.5518672199170123,11,false
louislam/uptime-kuma,12495,1135.9,1763,1.5506956660802813,11,false
jwasham/coding-interview-university,20075,1825.0,2824,1.5465498357064622,11,false
docker/awesome-compose,4753,432.1,668,1.5424013434089001,11,false
qdrant/qdrant,4487,407.9,629,1.5382392174299688,11,true
adguardteam/adguardhome,3843,349.4,538,1.5355474831344058,11,false
nodejs/node,5643,513.0,789,1.5350194552529184,11,false
keycloak/keycloak,4986,453.3,697,1.5343205923554133,11,false
myshell-ai/openvoice,3949,359.0,551,1.5305555555555554,11,false
drizzle-team/drizzle-orm,4726,429.6,659,1.530293434663289,11,false
expo/expo,7193,653.9,1000,1.526929483620211,11,false
sveltejs/svelte,4334,394.0,603,1.5265822784810126,11,false
ds4sd/docling,6394,2131.3,3252,1.525089885884008,3,false
pytorch/pytorch,8351,759.2,1158,1.5233197799569482,11,true
withastro/astro,5434,494.0,754,1.5232323232323233,11,false
revanced/revanced-manager,4107,373.4,569,1.5199125789218066,11,false
django/django,4097,372.5,566,1.5155793573515093,11,false
cyc2018/cs-notes,4588,417.1,631,1.5092411393781258,11,false
pgvector/pgvector,3875,352.3,533,1.5087493566649512,11,false
mihomo-party-org/mihomo-party,6891,861.4,1301,1.5086244383243947,8,false
berriai/litellm,11876,1079.6,1630,1.5083704887692435,11,true
ohmyzsh/ohmyzsh,7029,639.0,965,1.5078125,11,false
casey/just,4296,390.5,590,1.5068493150684932,11,false
waydabber/betterdisplay,4993,453.9,681,1.4970023980815348,11,false
xyflow/xyflow,4808,437.1,655,1.4951234695995022,11,false
starship/starship,4878,443.5,664,1.493966046226222,11,false
python/cpython,4990,453.6,679,1.493501299740052,11,false
chatanywhere/gpt_api_free,6420,583.6,873,1.4932358886642825,11,false
flowiseai/flowise,9712,882.9,1319,1.492234906921732,11,false
raphire/win11debloat,11293,1026.6,1530,1.4888535031847132,11,false
ankitects/anki,3974,361.3,539,1.4878293601003765,11,false
godotengine/godot,9445,858.6,1277,1.4855118443316413,11,false
ueberdosis/tiptap,4081,371.0,552,1.4838709677419355,11,false
hagezi/dns-blocklists,6579,598.1,887,1.480576631259484,11,false
jlevy/the-art-of-command-line,4449,404.5,600,1.4798206278026906,11,false
tailscale/tailscale,4492,408.4,605,1.477903619809016,11,false
ajeetdsouza/zoxide,5300,481.8,713,1.476746375447185,11,false
kestra-io/kestra,6192,562.9,829,1.4700951152668065,11,false
jordanbaird/ice,6402,582.0,857,1.4699828473413379,11,false
ryanoasis/nerd-fonts,4046,367.8,541,1.4668474242050777,11,false
jesseduffield/lazygit,10025,911.4,1337,1.4654244719011558,11,false
localsend/localsend,11422,1038.4,1523,1.4653196886206596,11,false
genymobile/scrcpy,12601,1145.5,1680,1.4652711703139867,11,false
diygod/rsshub,4213,383.0,562,1.4635416666666667,11,false
dair-ai/prompt-engineering-guide,9678,879.8,1287,1.4611415006708637,11,false
mihonapp/mihon,4418,401.6,587,1.4578911718220817,11,false
paperless-ngx/paperless-ngx,7736,703.3,1025,1.455402091132051,11,false
jaywcjlove/awesome-mac,10913,992.1,1444,1.4540461369461735,11,false
langchain-ai/langgraph,9650,877.3,1277,1.4539902701583687,11,false
lyswhut/lx-music-desktop,4849,440.8,641,1.4508230452674897,11,false
asabeneh/30-days-of-python,6855,623.2,905,1.4498980483542092,11,false
nginxproxymanager/nginx-proxy-manager,4452,404.7,588,1.4492493838225409,11,false
huiyadanli/revokemsgpatcher,3959,359.9,523,1.44911838790932,11,false
getcursor/cursor,4011,668.5,969,1.4473487677371173,6,false
charmbracelet/bubbletea,5691,517.4,748,1.4430024552788494,11,false
clickhouse/clickhouse,4588,417.1,602,1.4398782343987824,11,false
wailsapp/wails,3988,362.5,523,1.4386096524131031,11,false
bevyengine/bevy,4865,442.3,634,1.430270713699754,11,false
danielmiessler/seclists,5779,525.4,751,1.4267702936096718,11,false
junegunn/fzf,6543,594.8,847,1.4215746109246261,11,false
roovetgit/roo-code,9841,1968.2,2799,1.4213893967093236,5,false
ente-io/ente,4520,410.9,585,1.4202162877951887,11,false
go-gitea/gitea,4600,418.2,595,1.4194317935371936,11,false
mifi/lossless-cut,4448,404.4,575,1.4184794797039695,11,false
xtls/xray-core,4668,424.4,602,1.415259670869844,11,false
florinpop17/app-ideas,5025,456.8,647,1.4132247815726768,11,false
hiddify/hiddify-app,4910,446.4,631,1.4104856736435682,11,false
lizardbyte/sunshine,7486,680.5,960,1.4085634253701482,11,false
yt-dlp/yt-dlp,30492,2772.0,3894,1.4042553191489362,11,false
metacubex/clashmetaforandroid,9194,835.8,1175,1.4041281912004344,11,false
awesome-selfhosted/awesome-selfhosted,37941,3449.2,4843,1.4036941399662732,11,false
rust-unofficial/awesome-rust,5020,456.4,639,1.3971377459749552,11,false
topjohnwu/magisk,6104,554.9,774,1.3923139820114474,11,false
cheahjs/free-llm-api-resources,3864,351.3,490,1.390967741935484,11,false
fatedier/frp,9489,862.6,1200,1.3894736842105264,11,false
anuraghazra/github-readme-stats,5637,512.5,710,1.3827903682719547,11,false
burntsushi/ripgrep,5828,529.8,734,1.3827710224353484,11,false
papers-we-love/papers-we-love,8269,751.7,1040,1.3816425120772946,11,false
mungell/awesome-for-beginners,7683,698.5,964,1.3782167923056927,11,false
2dust/v2rayn,14263,1296.6,1787,1.3771192377749755,11,false
easytier/easytier,4096,372.4,514,1.3766739712685658,11,false
fastfetch-cli/fastfetch,4744,431.3,594,1.3741324921135647,11,false
deskflow/deskflow,4865,442.3,609,1.3738720262510256,11,false
obsproject/obs-studio,5704,518.5,710,1.3665791776027998,11,false
langfuse/langfuse,7529,684.5,933,1.3611405835543766,11,false
metacubex/mihomo,5647,513.4,699,1.3589607635206786,11,false
github/gitignore,6491,590.1,798,1.3500461396493386,11,false
enaqx/awesome-react,3999,363.5,492,1.3496259351620947,11,false
bmad-code-org/bmad-method,7354,1838.5,2482,1.3492796955694482,4,false
apache/airflow,4042,367.5,497,1.3488773747841105,11,false
yuliskov/smarttube,3886,353.3,477,1.346420323325635,11,false
dani-garcia/vaultwarden,7888,717.1,960,1.3368780858336498,11,false
getasterisk/claudia,8455,2818.3,3766,1.335776779380468,3,false
ffmpeg/ffmpeg,5993,544.8,727,1.3319453697534975,11,false
xiaojieonly/ehviewer_cn_sxj,4491,408.3,544,1.329187027987561,11,false
jellyfin/jellyfin,7109,646.3,858,1.3255617977528091,11,false
vercel/ai,6307,573.4,759,1.3214624881291548,11,false
4ian/gdevelop,5152,468.4,620,1.3209374394731745,11,false
prakhar1989/awesome-courses,4929,448.1,590,1.3137651821862348,11,false
jdx/mise,6358,578.0,760,1.3126079447322971,11,false
torvalds/linux,19031,1730.1,2268,1.3101564961663692,11,false
hack-with-github/awesome-hacking,10867,987.9,1295,1.3095238095238095,11,false
termux/termux-app,7416,674.2,882,1.3063147973609803,11,false
sagernet/sing-box,5652,513.8,668,1.2975454705986225,11,false
fffaraz/awesome-cpp,5797,527.0,684,1.2954545454545454,11,false
avelino/awesome-go,18576,1688.7,2148,1.271211061494593,11,false
rikkaapps/shizuku,5076,461.5,583,1.2606644387654806,11,false
chen08209/flclash,9507,864.3,1054,1.2181130489598655,11,false
vinta/awesome-python,33026,3002.4,3654,1.2166358930895662,11,false
2dust/v2rayng,7654,695.8,839,1.204044357469015,11,false
ggerganov/llama.cpp,4500,2250.0,2629,1.167925366503776,2,true
nomenak/superclaude,5141,2570.5,2575,1.0013610733035194,2,false
mendableai/open-lovable,8488,8488.0,8488,0.999882200494758,1,false
jackjackbits/bitchat,7227,7227.0,7227,0.9998616491422246,1,false
the-pocket/tutorial-codebase-knowledge,6264,6264.0,6264,0.9998403830806065,1,false
snapchat/valdi,5898,5898.0,5898,0.9998304797423292,1,false
langmanus/langmanus,4873,4873.0,4873,0.9997948297086582,1,false
toon-format/toon,4591,4591.0,4591,0.9997822299651568,1,false
